-- phpMyAdmin SQL Dump
-- version 3.5.6
-- http://www.phpmyadmin.net
--
-- Host: localhost
-- Generation Time: Feb 05, 2013 at 12:24 AM
-- Server version: 5.5.29-0ubuntu0.12.10.1
-- PHP Version: 5.4.6-1ubuntu1.1

SET SQL_MODE="NO_AUTO_VALUE_ON_ZERO";
SET time_zone = "+00:00";


/*!40101 SET @OLD_CHARACTER_SET_CLIENT=@@CHARACTER_SET_CLIENT */;
/*!40101 SET @OLD_CHARACTER_SET_RESULTS=@@CHARACTER_SET_RESULTS */;
/*!40101 SET @OLD_COLLATION_CONNECTION=@@COLLATION_CONNECTION */;
/*!40101 SET NAMES utf8 */;

--
-- Database: `inteleat`
--

-- --------------------------------------------------------

--
-- Table structure for table `assessmentRules`
--

CREATE TABLE IF NOT EXISTS `assessmentRules` (
  `id` int(11) NOT NULL AUTO_INCREMENT,
  `text` text NOT NULL,
  PRIMARY KEY (`id`)
) ENGINE=InnoDB  DEFAULT CHARSET=latin1 AUTO_INCREMENT=7 ;

--
-- Dumping data for table `assessmentRules`
--

INSERT INTO `assessmentRules` (`id`, `text`) VALUES
(1, 'if(dish.nutrient.4 > 6) return true;'),
(2, 'if(dish.preparationMode.2) return true; '),
(3, 'if(dish.nutrient.2 > 25) return true;'),
(4, 'if(dish.nutrient.7 > 0.1) return true;'),
(5, 'if(dish.nutrient.9 > 0) return true;'),
(6, 'if((dish.nutrient.2 / dish.nutrient.1) > 8 && (dish.nutrient.2 + dish.nutrient.3) > 18) return true;');

-- --------------------------------------------------------

--
-- Table structure for table `diabetesType`
--

CREATE TABLE IF NOT EXISTS `diabetesType` (
  `id` int(11) NOT NULL AUTO_INCREMENT,
  `name` varchar(50) NOT NULL,
  PRIMARY KEY (`id`)
) ENGINE=InnoDB  DEFAULT CHARSET=utf8 AUTO_INCREMENT=3 ;

--
-- Dumping data for table `diabetesType`
--

INSERT INTO `diabetesType` (`id`, `name`) VALUES
(1, 'Type 1'),
(2, 'Type 2');

-- --------------------------------------------------------

--
-- Table structure for table `dish`
--

CREATE TABLE IF NOT EXISTS `dish` (
  `id` int(11) NOT NULL AUTO_INCREMENT,
  `name` varchar(500) NOT NULL,
  `quantityPerPortion` float NOT NULL,
  `portionUnit` int(11) NOT NULL,
  `calories` float NOT NULL,
  `dishType` int(11) NOT NULL DEFAULT '1',
  PRIMARY KEY (`id`)
) ENGINE=InnoDB  DEFAULT CHARSET=utf8 AUTO_INCREMENT=111 ;

--
-- Dumping data for table `dish`
--

INSERT INTO `dish` (`id`, `name`, `quantityPerPortion`, `portionUnit`, `calories`, `dishType`) VALUES
(1, 'Green Smoothie', 179, 1, 97, 3),
(2, 'Frosty Almond Date Shake', 179, 1, 191, 3),
(3, 'Blackberry Iced Tea with Cinamon and Ginger', 158, 1, 74, 3),
(4, 'Iced Espresso Latte', 158, 1, 138, 3),
(5, 'Sweet Ginger Tisane', 180, 1, 176, 3),
(6, 'Minty lime Ice Tea', 180, 1, 78, 3),
(7, 'Island Chiller', 180, 1, 162, 3),
(8, 'Orange Dream', 147, 1, 95, 3),
(9, 'Strawberry Banana Mikshake', 158, 1, 226, 3),
(10, 'Watermelon- Cranberry Agua Fresca', 158, 1, 141, 3),
(11, 'White Wine', 146, 1, 41, 3),
(12, 'Cola', 167, 1, 69, 3),
(13, 'Red Wine', 146, 1, 43, 3),
(14, 'Semi Skimmed Milk', 129, 1, 72, 3),
(15, 'Choco Milk full fat', 175, 1, 146, 3),
(16, 'Chocolate Soy Milk', 129, 1, 83, 3),
(17, 'American Cheese', 42, 1, 204, 2),
(18, 'Chocolate Cookie', 18, 1, 146, 2),
(19, 'Doughnuts', 60, 1, 250, 2),
(20, ' Glazed Doughnuts ', 60, 1, 250, 2),
(21, 'Organic Stroopwafels', 30, 1, 160, 2),
(22, 'Hummus', 45, 1, 132, 2),
(23, 'Avocado Dip', 90, 1, 158, 2),
(24, 'Frosty almond date shake', 174, 1, 134, 3),
(25, 'Shrimp Bisque', 174, 1, 149, 1),
(26, 'Muesli Breakfast Bars', 150, 1, 326, 2),
(27, 'Beef Stew', 129, 1, 221, 1),
(28, 'Balsamic roast chicken', 150, 1, 495, 1),
(29, 'Wild Rice with Chicken Soup', 175, 1, 161, 1),
(30, 'Potato Chicken', 147, 1, 191, 1),
(31, 'Baked macaroni', 174, 1, 243, 1),
(32, 'Lasagna', 166, 1, 280, 1),
(33, 'Roasted salmon', 147, 1, 207, 1),
(34, 'Quesadillas', 92, 1, 103, 1),
(35, 'Paella with chicken', 150, 1, 345, 1),
(36, 'Pasta Primavera', 155, 1, 201, 1),
(37, 'Pasta salad with mixed vegetables', 147, 1, 289, 1),
(38, 'Portobello and blue cheese salad', 158, 1, 242, 1),
(39, 'Pasta with spinach, garbanzos and raisins', 158, 1, 406, 1),
(40, 'Rice and beans salad', 130, 1, 202, 1),
(41, 'Sesame-crusted tofu', 166, 1, 186, 1),
(42, 'Stuffed eggplant', 166, 1, 242, 1),
(43, 'Spicy beef kebabs', 158, 1, 358, 1),
(44, 'Spinach frittata', 147, 1, 90, 1),
(45, 'Tuna steak sandwiches', 150, 1, 324, 2),
(46, 'Irish Coffee', 45, 2, 99, 3),
(47, 'Espresso', 89, 2, 62, 3),
(48, 'Espresso Chip Ice Cream', 118, 1, 220, 2),
(49, 'Earl Grey', 3, 1, 60, 3),
(50, 'Green Tea with honey', 130, 2, 32, 3),
(51, 'Asparagus, tomato and red pepper French bread pizza', 158, 1, 307, 1),
(52, 'Balsamic roast chicken', 129, 1, 170, 1),
(53, 'Baked salmon with Southeast Asian marinade', 150, 1, 310, 1),
(54, 'Chicken with Tarragon Cream Sauce', 147, 1, 199, 1),
(55, 'Puerto Rican Fish Stew', 158, 1, 268, 1),
(56, 'Grilled Salmon with Tomatoes & Basil', 147, 1, 212, 1),
(57, 'Broccoli cheddar bake', 147, 1, 153, 1),
(58, 'Caesar salad with grilled chicken', 147, 1, 177, 1),
(59, 'Grilled turkey burger', 158, 1, 298, 1),
(60, 'French country chicken with mushroom sauce', 132, 1, 205, 1),
(61, 'Cream of Broccoli Soup', 174, 1, 137, 1),
(62, ' Chickpea hummus', 90, 1, 215, 2),
(63, 'Southwestern potato skins', 180, 1, 332, 1),
(64, 'Hurricane punch', 130, 1, 85, 3),
(65, 'Greek Salad', 173, 1, 107, 1),
(66, 'Whole-grain buttermilk biscuits', 23, 1, 176, 2),
(67, 'Oreo cookies', 30, 1, 150, 2),
(68, 'Carrot Bread', 60, 1, 264, 2),
(69, 'Black Beans', 169, 1, 190, 1),
(70, 'Cooked Green String Beans', 169, 1, 96, 1),
(71, 'Green beans with red pepper and garlic', 150, 1, 135, 1),
(72, 'Baked Fish', 150, 1, 225, 1),
(73, 'White Tuna Fish', 150, 1, 330, 1),
(74, 'Vegetable Empanadas', 150, 1, 290, 1),
(75, 'Spicy Oriental snow peas', 173, 1, 74, 1),
(76, 'Tabbouleh salad', 158, 1, 105, 1),
(77, 'Yellow pear and cherry tomato salad', 135, 1, 90, 1),
(78, 'Cheesy baked zucchini', 135, 1, 105, 1),
(79, 'Cauliflower mashed potatoes', 135, 1, 105, 1),
(80, 'Brown rice pilaf with asparagus and mushrooms', 168, 1, 242, 1),
(81, 'Peas Cream Soup', 174, 1, 137, 1),
(82, 'Bean paste', 90, 1, 215, 2),
(83, 'Green beans with tomato sauce', 150, 1, 135, 1),
(84, 'Crazy punch', 130, 1, 85, 3),
(85, 'Cheddar Salad', 173, 1, 107, 1),
(86, 'Whole-grain cream biscuits', 23, 1, 176, 2),
(87, 'Cream cookies', 30, 1, 150, 2),
(88, 'Carrot cake', 60, 1, 264, 2),
(89, 'Red Beans', 169, 1, 190, 1),
(90, 'Citrus Salad', 165, 1, 112, 2),
(91, 'Pear Salad with Almonds', 165, 1, 119, 2),
(92, 'Spinach Salad with Mushrooms', 165, 1, 91, 1),
(93, 'Spinach and Orange Salad with Pumpkin Seeds', 165, 1, 91, 1),
(94, 'Summer Fennel and Tomato Salad', 165, 1, 98, 1),
(95, 'Tropical Fruit and Vegetable Salad with Chili and Cilantro Dressing', 165, 1, 105, 2),
(96, 'Dry Spinach Pasta', 57, 1, 212, 1),
(97, 'Veggie Omelette', 100, 1, 290, 1),
(98, 'Milk and cereal bar', 100, 1, 413, 1),
(99, 'Chamomile', 166, 1, 1, 3),
(100, 'Beer', 174, 1, 75, 3),
(101, 'Pineapple Sorbet', 110, 2, 81, 2),
(102, 'Whole Wheat Spaghetti', 100, 1, 172, 1),
(103, 'Toasted Bread', 25, 1, 70, 2),
(104, 'Whole Wheat Pancakes', 44, 1, 92, 2),
(105, 'Quaker Oatmeal with semi skimmed Milk', 130, 1, 180, 2),
(106, 'Cosi Fruit Salad', 150, 1, 200, 2),
(107, 'Wheat Bagel', 120, 1, 300, 2),
(108, 'Low Fat Yogurt, Blueberry & Granola PretPot', 150, 1, 100, 2),
(109, 'Croissant', 57, 1, 190, 2),
(110, 'English Muffin with Butter', 65, 1, 189, 2);

-- --------------------------------------------------------

--
-- Table structure for table `dishNutrients`
--

CREATE TABLE IF NOT EXISTS `dishNutrients` (
  `dishId` int(11) NOT NULL,
  `nutrientId` int(11) NOT NULL,
  `quantity` float NOT NULL,
  PRIMARY KEY (`dishId`,`nutrientId`)
) ENGINE=InnoDB DEFAULT CHARSET=utf8;

--
-- Dumping data for table `dishNutrients`
--

INSERT INTO `dishNutrients` (`dishId`, `nutrientId`, `quantity`) VALUES
(1, 1, 2.1),
(1, 3, 12.6),
(1, 5, 1.05),
(1, 8, 0.0147),
(2, 1, 2.1),
(2, 2, 4.2),
(2, 3, 29.4),
(2, 4, 1.05),
(2, 5, 1.75),
(2, 6, 1.05),
(2, 8, 0.1008),
(3, 3, 7.35),
(4, 3, 21),
(4, 5, 3.15),
(4, 7, 2.1),
(4, 8, 0.06405),
(5, 3, 30),
(5, 5, 1.5),
(5, 8, 0.12),
(6, 3, 4.5),
(6, 8, 0.105),
(7, 1, 1.5),
(7, 3, 24),
(7, 5, 1.5),
(7, 8, 0.09),
(8, 1, 0.735),
(8, 2, 2.94),
(8, 3, 9.555),
(8, 4, 0.3675),
(8, 5, 2.205),
(8, 6, 0.3675),
(8, 8, 0.015435),
(9, 1, 3.15),
(9, 3, 37.8),
(9, 5, 5.95),
(9, 6, 1.05),
(9, 7, 0.00105),
(9, 8, 0.06405),
(10, 3, 24.15),
(10, 5, 1.05),
(10, 8, 0.0525),
(11, 2, 0.343),
(11, 3, 1.372),
(11, 9, 0.686),
(12, 2, 19.11),
(12, 8, 0.02205),
(13, 2, 0.31213),
(13, 3, 1.31712),
(13, 5, 0.0343),
(13, 8, 0.02058),
(13, 9, 0.686),
(14, 2, 6.174),
(14, 4, 0.5145),
(14, 5, 3.6015),
(14, 6, 0.25725),
(14, 7, 0.0025725),
(14, 8, 0.066885),
(15, 1, 1.4),
(15, 2, 16.695),
(15, 4, 3.682),
(15, 5, 5.544),
(15, 6, 1.96),
(15, 7, 0.021),
(15, 8, 0.105),
(16, 1, 1.6464),
(16, 2, 5.68523),
(16, 4, 0.5145),
(16, 5, 3.9445),
(16, 6, 0.25725),
(16, 7, 0.0025725),
(16, 8, 0.066885),
(17, 2, 2.745),
(17, 3, 0.21),
(17, 4, 6.6255),
(17, 5, 7.055),
(17, 6, 3.6375),
(17, 7, 0.0345),
(17, 8, 0.552),
(18, 2, 6),
(18, 3, 6),
(18, 4, 1.5),
(18, 5, 1.5),
(18, 6, 3),
(18, 8, 0.054),
(19, 1, 1),
(19, 2, 19),
(19, 3, 14),
(19, 4, 3),
(19, 5, 2),
(19, 6, 10),
(19, 7, 0.034),
(19, 8, 0.204),
(20, 1, 1),
(20, 2, 19),
(20, 3, 14),
(20, 4, 3),
(20, 5, 3),
(20, 6, 10),
(20, 7, 0.034),
(20, 8, 0.204),
(21, 1, 1),
(21, 2, 14),
(21, 3, 6),
(21, 4, 3),
(21, 6, 4),
(21, 8, 0.055),
(22, 1, 3),
(22, 3, 6),
(22, 4, 1.5),
(22, 5, 2.5),
(22, 6, 1.5),
(22, 8, 0.159),
(23, 1, 3),
(23, 3, 3),
(23, 4, 1.5),
(23, 5, 3),
(23, 6, 6),
(23, 8, 0.0405),
(24, 1, 1.47),
(24, 2, 2.94),
(24, 3, 16.17),
(24, 4, 0.735),
(24, 5, 2.205),
(24, 6, 0.735),
(24, 8, 0.07056),
(25, 1, 0.735),
(25, 3, 8.82),
(25, 4, 1.47),
(25, 5, 8.085),
(25, 6, 2.205),
(25, 7, 0.06762),
(25, 8, 0.177135),
(26, 1, 4.5),
(26, 2, 16.5),
(26, 3, 19.5),
(26, 4, 1.5),
(26, 5, 8),
(26, 6, 6),
(26, 7, 0.0015),
(26, 8, 0.1125),
(27, 1, 40.131),
(27, 3, 18.0075),
(27, 4, 1.029),
(27, 5, 13.72),
(27, 6, 4.116),
(27, 7, 0.043218),
(27, 8, 0.085407),
(28, 3, 6),
(28, 4, 4.5),
(28, 5, 40),
(28, 6, 13.5),
(28, 7, 0.1905),
(28, 8, 0.162),
(29, 1, 0.7),
(29, 2, 2.1),
(29, 3, 15.4),
(29, 4, 2.45),
(29, 5, 4.2),
(29, 6, 5.25),
(29, 7, 0.035),
(29, 8, 0.63),
(30, 1, 2.205),
(30, 2, 3.675),
(30, 3, 8.085),
(30, 4, 1.47),
(30, 5, 8.085),
(30, 6, 7.35),
(30, 7, 0.0441),
(30, 8, 0.5733),
(31, 1, 3.675),
(31, 3, 20.58),
(31, 4, 2.94),
(31, 5, 10.045),
(31, 6, 5.88),
(31, 7, 0.021315),
(31, 8, 0.06909),
(32, 1, 1.4),
(32, 3, 26.6),
(32, 4, 5.6),
(32, 5, 21),
(32, 6, 9.1),
(32, 7, 0.07),
(32, 8, 0.483),
(33, 4, 1.47),
(33, 5, 17.64),
(33, 6, 9.555),
(33, 7, 0.05733),
(33, 8, 0.04557),
(34, 1, 6),
(34, 3, 16),
(34, 4, 1.5),
(34, 5, 6),
(34, 6, 1.5),
(34, 7, 0.01),
(34, 8, 0.2),
(35, 1, 5),
(35, 3, 48),
(35, 4, 2),
(35, 5, 20),
(35, 6, 5),
(35, 7, 0.043),
(35, 8, 0.1),
(36, 1, 3.6015),
(36, 3, 28.2975),
(36, 4, 1.5435),
(36, 5, 7.889),
(36, 6, 2.058),
(36, 7, 0.006174),
(36, 8, 0.115248),
(37, 1, 8.4),
(37, 3, 45.15),
(37, 4, 0.525),
(37, 5, 8.4),
(37, 6, 2.625),
(37, 8, 0.0567),
(38, 1, 5.25),
(38, 3, 26.25),
(38, 4, 2.1),
(38, 5, 7.7),
(38, 6, 4.2),
(38, 7, 0.0063),
(38, 8, 0.2625),
(39, 1, 7.35),
(39, 3, 65.1),
(39, 4, 1.05),
(39, 5, 9.1),
(39, 6, 7.35),
(39, 7, 0.00105),
(39, 8, 0.35805),
(40, 1, 3.675),
(40, 3, 26.46),
(40, 4, 0.735),
(40, 5, 4.41),
(40, 6, 5.145),
(40, 8, 0.08967),
(41, 1, 4.2),
(41, 3, 11.9),
(41, 4, 1.4),
(41, 5, 14.7),
(41, 6, 9.1),
(41, 8, 0.2737),
(42, 3, 25.9),
(42, 4, 1.4),
(42, 5, 16.1),
(42, 6, 6.3),
(42, 7, 0.0343),
(42, 8, 0.14),
(43, 1, 5.25),
(43, 3, 23.1),
(43, 4, 4.2),
(43, 5, 21.7),
(43, 6, 10.5),
(43, 7, 0.0336),
(43, 8, 0.4809),
(44, 1, 0.98),
(44, 3, 7.84),
(44, 4, 0.98),
(44, 5, 5.39),
(44, 6, 1.96),
(44, 7, 0.07987),
(44, 8, 0.29939),
(45, 1, 9),
(45, 3, 49.5),
(45, 5, 39),
(45, 6, 4.5),
(45, 7, 0.0765),
(45, 8, 0.831),
(46, 2, 0.75),
(46, 3, 0.135),
(46, 4, 1.2135),
(46, 5, 0.135),
(46, 6, 0.639),
(46, 7, 0.0075),
(46, 8, 0.003),
(47, 4, 0.081),
(47, 5, 0.105),
(47, 6, 0.081),
(47, 8, 0.012),
(48, 2, 20),
(48, 3, 2),
(48, 4, 10),
(48, 5, 3),
(48, 6, 4),
(48, 7, 0.04),
(48, 8, 0.035),
(50, 2, 4.3218),
(50, 3, 0.36015),
(50, 8, 0.00180075),
(51, 1, 4.2),
(51, 2, 2.1),
(51, 3, 35.7),
(51, 4, 3.15),
(51, 5, 11.2),
(51, 6, 3.15),
(51, 7, 0.0189),
(51, 8, 0.6825),
(52, 3, 2.058),
(52, 4, 1.5435),
(52, 5, 14.749),
(52, 6, 4.6305),
(52, 7, 0.0653415),
(52, 8, 0.055566),
(53, 1, 1),
(53, 2, 15),
(53, 3, 9),
(53, 4, 3),
(53, 5, 20),
(53, 6, 11),
(53, 7, 0.067),
(53, 8, 0.174),
(54, 1, 0.735),
(54, 2, 0.735),
(54, 3, 3.675),
(54, 4, 3.675),
(54, 5, 18.13),
(54, 6, 3.675),
(54, 7, 0.066885),
(54, 8, 0.153615),
(55, 1, 2.1),
(55, 3, 9.45),
(55, 4, 1.05),
(55, 5, 24.15),
(55, 6, 8.4),
(55, 7, 0.06825),
(55, 8, 0.73185),
(56, 1, 0.735),
(56, 3, 2.205),
(56, 4, 1.47),
(56, 5, 22.295),
(56, 6, 6.615),
(56, 7, 0.0588),
(56, 8, 0.269745),
(57, 1, 1.47),
(57, 2, 0.735),
(57, 3, 5.145),
(57, 4, 2.94),
(57, 5, 9.31),
(57, 6, 3.675),
(57, 7, 0.015435),
(57, 8, 0.19551),
(58, 1, 2.94),
(58, 2, 1.47),
(58, 3, 8.085),
(58, 4, 1.47),
(58, 5, 16.415),
(58, 6, 2.205),
(58, 7, 0.041895),
(58, 8, 0.415275),
(59, 1, 4.2),
(59, 2, 1.05),
(59, 3, 29.4),
(59, 4, 2.1),
(59, 5, 14.7),
(59, 6, 6.3),
(59, 7, 0.06195),
(59, 8, 0.357),
(60, 1, 0.3675),
(60, 3, 4.41),
(60, 4, 0.735),
(60, 5, 18.13),
(60, 6, 6.615),
(60, 7, 0.04851),
(60, 8, 0.07203),
(61, 1, 2.205),
(61, 2, 6.615),
(61, 3, 4.41),
(61, 4, 1.47),
(61, 5, 6.86),
(61, 6, 2.205),
(61, 7, 0.00735),
(61, 8, 0.48363),
(62, 1, 6),
(62, 3, 21),
(62, 5, 6),
(62, 6, 6),
(62, 8, 0.45),
(63, 1, 7.5),
(63, 3, 42),
(63, 4, 3),
(63, 5, 8),
(63, 6, 4.5),
(63, 7, 0.03),
(63, 8, 0.2985),
(64, 1, 0.735),
(64, 3, 13.23),
(64, 5, 0.735),
(64, 8, 0.00147),
(65, 1, 0.6615),
(65, 2, 1.4553),
(65, 3, 1.029),
(65, 4, 2.54898),
(65, 5, 4.165),
(65, 6, 2.80182),
(65, 7, 0.087465),
(65, 8, 0.30135),
(66, 1, 1.5),
(66, 3, 16.5),
(66, 4, 1.5),
(66, 5, 4.5),
(66, 6, 3),
(66, 7, 0.0105),
(66, 8, 0.2475),
(67, 1, 0.9),
(67, 2, 13),
(67, 3, 8),
(67, 4, 2.5),
(67, 5, 1),
(67, 6, 3.5),
(67, 8, 0.11),
(68, 1, 3),
(68, 2, 12),
(68, 3, 21),
(68, 4, 0.75),
(68, 5, 4.5),
(68, 6, 5.25),
(68, 7, 0.0315),
(68, 8, 0.225),
(69, 1, 12.201),
(69, 3, 29.2089),
(69, 4, 0.1323),
(69, 5, 9.8),
(69, 6, 0.3822),
(69, 8, 0.67767),
(70, 1, 61.005),
(70, 2, 1.52145),
(70, 3, 6.3063),
(70, 4, 0.61005),
(70, 5, 1.87425),
(70, 6, 2.57985),
(70, 8, 0.318255),
(71, 1, 4.5),
(71, 3, 10.5),
(71, 5, 3),
(71, 6, 1.5),
(71, 8, 0.3015),
(72, 2, 0.135),
(72, 3, 0.555),
(72, 4, 1.152),
(72, 5, 34),
(72, 6, 4.683),
(72, 7, 0.123),
(72, 8, 0.603),
(73, 4, 2.043),
(73, 5, 47),
(73, 6, 5.622),
(73, 7, 0.108),
(73, 8, 0.972),
(74, 1, 1.8),
(74, 2, 0.615),
(74, 3, 28.77),
(74, 4, 3.246),
(74, 5, 6),
(74, 6, 12.804),
(74, 7, 0.0705),
(74, 8, 0.273),
(75, 1, 1.47),
(75, 3, 8.82),
(75, 5, 19.6),
(75, 6, 0.735),
(75, 8, 0.21462),
(76, 1, 4.2),
(76, 3, 16.8),
(76, 4, 0.525),
(76, 5, 2.1),
(76, 6, 3.675),
(76, 8, 0.063),
(77, 1, 1.5),
(77, 3, 9),
(77, 5, 1.5),
(77, 6, 4.5),
(77, 8, 0.162),
(78, 1, 1.5),
(78, 3, 6),
(78, 4, 1.5),
(78, 5, 4.5),
(78, 6, 4.5),
(78, 7, 0.006),
(78, 8, 0.1275),
(79, 1, 4.5),
(79, 3, 13.5),
(79, 4, 0.75),
(79, 5, 3),
(79, 6, 3.75),
(79, 8, 0.1125),
(80, 1, 3.15),
(80, 3, 31.5),
(80, 4, 2.1),
(80, 5, 7),
(80, 6, 5.25),
(80, 7, 0.00945),
(80, 8, 0.0399),
(81, 1, 2.205),
(81, 2, 6.615),
(81, 3, 4.41),
(81, 4, 1.47),
(81, 5, 7.35),
(81, 6, 2.205),
(81, 7, 0.00735),
(81, 8, 0.48363),
(82, 1, 6),
(82, 3, 21),
(82, 5, 6),
(82, 6, 6),
(82, 8, 0.45),
(83, 3, 10.5),
(83, 5, 3),
(83, 6, 1.5),
(83, 8, 0.3015),
(84, 1, 0.735),
(84, 3, 13.23),
(84, 5, 0.735),
(84, 8, 0.00147),
(85, 1, 0.6615),
(85, 2, 1.4553),
(85, 3, 1.029),
(85, 4, 2.54898),
(85, 5, 5.145),
(85, 6, 2.80182),
(85, 7, 0.087465),
(85, 8, 0.30135),
(86, 1, 1.5),
(86, 3, 16.5),
(86, 4, 1.5),
(86, 5, 4.5),
(86, 6, 3),
(86, 7, 0.0105),
(86, 8, 0.2475),
(87, 1, 0.9),
(87, 2, 13),
(87, 3, 8),
(87, 4, 2.5),
(87, 5, 1),
(87, 6, 3.5),
(87, 8, 0.11),
(88, 1, 3),
(88, 2, 12),
(88, 3, 21),
(88, 4, 0.75),
(88, 5, 4.5),
(88, 6, 5.25),
(88, 7, 0.0315),
(88, 8, 0.225),
(89, 1, 12.201),
(89, 3, 29.2089),
(89, 4, 0.1323),
(89, 5, 9.8),
(89, 6, 0.3822),
(89, 8, 0.67767),
(90, 1, 4.2),
(90, 2, 7),
(90, 5, 2.1),
(90, 6, 2.1),
(90, 8, 0.0056),
(91, 1, 2.1),
(91, 2, 7),
(91, 3, 3.5),
(91, 4, 0.7),
(91, 5, 3.5),
(91, 6, 4.2),
(91, 7, 0.0049),
(91, 8, 0.1715),
(92, 1, 2.1),
(92, 2, 0.7),
(92, 3, 4.2),
(92, 4, 0.7),
(92, 5, 3.5),
(92, 6, 5.6),
(92, 8, 0.1708),
(93, 1, 1.4),
(93, 2, 6.3),
(93, 3, 2.8),
(93, 5, 2.8),
(93, 6, 3.5),
(93, 8, 0.0805),
(94, 1, 2.8),
(94, 2, 4.2),
(94, 3, 4.9),
(94, 5, 2.1),
(94, 6, 4.9),
(94, 8, 0.0805),
(95, 1, 2.1),
(95, 2, 11.9),
(95, 3, 4.2),
(95, 5, 0.7),
(95, 6, 4.2),
(95, 8, 0.0035),
(96, 1, 6),
(96, 2, 0.07),
(96, 3, 42.57),
(96, 4, 0.129),
(96, 5, 7.61),
(96, 6, 0.761),
(96, 8, 0.021),
(97, 1, 5),
(97, 2, 23),
(97, 3, 46),
(97, 4, 4),
(97, 5, 20),
(97, 6, 12),
(97, 7, 0.07),
(97, 8, 1.12),
(98, 2, 46),
(98, 3, 26),
(98, 4, 9),
(98, 5, 6),
(98, 6, 2),
(98, 7, 0.006),
(98, 8, 0.319),
(99, 8, 0.0014),
(100, 3, 6.37),
(100, 5, 0.98),
(100, 8, 0.00686),
(101, 1, 0.8),
(101, 2, 15),
(101, 3, 2),
(101, 4, 0.6),
(101, 5, 0.5),
(101, 6, 0.4),
(101, 7, 0.006),
(101, 8, 0.01),
(102, 1, 6.3),
(102, 2, 1.12),
(102, 3, 35.81),
(102, 4, 0.138),
(102, 5, 7.42),
(102, 6, 0.622),
(102, 8, 0.328),
(103, 1, 0.6),
(103, 2, 1.14),
(103, 3, 11.92),
(103, 4, 0.139),
(103, 5, 2.16),
(103, 6, 0.821),
(103, 8, 0.142),
(104, 1, 1),
(104, 3, 13),
(104, 4, 1),
(104, 5, 4),
(104, 6, 2),
(104, 7, 0.027),
(104, 8, 0.252),
(105, 1, 3),
(105, 2, 9),
(105, 3, 16),
(105, 4, 2),
(105, 5, 9),
(105, 6, 3),
(105, 8, 0.2),
(106, 1, 5),
(106, 3, 50),
(106, 5, 4),
(106, 6, 1),
(106, 8, 0.046),
(107, 1, 4.6),
(107, 2, 1.9),
(107, 3, 59),
(107, 4, 0.225),
(107, 5, 10.93),
(107, 6, 1.245),
(107, 8, 0.534),
(108, 1, 5),
(108, 2, 3),
(108, 3, 10),
(108, 4, 2),
(108, 5, 4),
(108, 6, 1),
(109, 1, 1),
(109, 2, 2),
(109, 3, 19),
(109, 4, 6),
(109, 5, 3),
(109, 6, 4),
(109, 7, 0.03),
(109, 8, 0.19),
(110, 3, 30.36),
(110, 4, 2.43),
(110, 5, 4.87),
(110, 6, 3.33),
(110, 7, 0.013),
(110, 8, 0.386);

-- --------------------------------------------------------

--
-- Table structure for table `dishPreparationMode`
--

CREATE TABLE IF NOT EXISTS `dishPreparationMode` (
  `dishId` int(11) NOT NULL,
  `preparationModeId` int(11) NOT NULL,
  PRIMARY KEY (`dishId`,`preparationModeId`)
) ENGINE=InnoDB DEFAULT CHARSET=utf8;

--
-- Dumping data for table `dishPreparationMode`
--

INSERT INTO `dishPreparationMode` (`dishId`, `preparationModeId`) VALUES
(1, 5),
(2, 5),
(3, 5),
(4, 5),
(5, 3),
(6, 5),
(7, 5),
(8, 5),
(9, 5),
(10, 5),
(11, 5),
(12, 5),
(13, 5),
(14, 5),
(15, 5),
(16, 5),
(17, 5),
(18, 1),
(19, 2),
(20, 1),
(21, 1),
(22, 5),
(23, 5),
(24, 5),
(25, 1),
(26, 1),
(27, 1),
(28, 1),
(29, 3),
(30, 1),
(31, 1),
(32, 1),
(33, 1),
(34, 1),
(35, 2),
(36, 3),
(37, 3),
(38, 3),
(39, 3),
(40, 4),
(41, 2),
(42, 2),
(43, 1),
(44, 2),
(45, 4),
(46, 3),
(47, 3),
(48, 5),
(49, 3),
(50, 3),
(51, 1),
(52, 1),
(53, 1),
(54, 1),
(55, 1),
(56, 6),
(57, 1),
(58, 5),
(58, 6),
(59, 6),
(60, 7),
(60, 8),
(61, 3),
(62, 3),
(63, 1),
(64, 5),
(65, 5),
(66, 1),
(67, 1),
(68, 1),
(69, 4),
(70, 8),
(71, 8),
(72, 1),
(73, 8),
(74, 8),
(75, 4),
(76, 5),
(77, 5),
(78, 1),
(79, 7),
(80, 8),
(81, 3),
(82, 3),
(83, 8),
(84, 5),
(85, 5),
(86, 1),
(87, 1),
(88, 1),
(89, 4),
(90, 5),
(91, 5),
(92, 5),
(93, 5),
(94, 5),
(95, 5),
(96, 3),
(97, 1),
(98, 5),
(99, 3),
(100, 5),
(101, 5),
(102, 3),
(103, 1),
(104, 8),
(105, 5),
(106, 5),
(107, 1),
(108, 5),
(109, 1),
(110, 1);

-- --------------------------------------------------------

--
-- Table structure for table `dishType`
--

CREATE TABLE IF NOT EXISTS `dishType` (
  `id` int(11) NOT NULL AUTO_INCREMENT,
  `name` varchar(50) NOT NULL,
  PRIMARY KEY (`id`)
) ENGINE=InnoDB  DEFAULT CHARSET=latin1 AUTO_INCREMENT=4 ;

--
-- Dumping data for table `dishType`
--

INSERT INTO `dishType` (`id`, `name`) VALUES
(1, 'main'),
(2, 'snack'),
(3, 'drink');

-- --------------------------------------------------------

--
-- Table structure for table `gender`
--

CREATE TABLE IF NOT EXISTS `gender` (
  `id` int(11) NOT NULL AUTO_INCREMENT,
  `name` varchar(10) NOT NULL,
  PRIMARY KEY (`id`)
) ENGINE=InnoDB  DEFAULT CHARSET=utf8 AUTO_INCREMENT=3 ;

--
-- Dumping data for table `gender`
--

INSERT INTO `gender` (`id`, `name`) VALUES
(1, 'male'),
(2, 'female');

-- --------------------------------------------------------

--
-- Table structure for table `lifestyle`
--

CREATE TABLE IF NOT EXISTS `lifestyle` (
  `id` int(11) NOT NULL AUTO_INCREMENT,
  `name` varchar(50) NOT NULL,
  PRIMARY KEY (`id`)
) ENGINE=InnoDB  DEFAULT CHARSET=utf8 AUTO_INCREMENT=3 ;

--
-- Dumping data for table `lifestyle`
--

INSERT INTO `lifestyle` (`id`, `name`) VALUES
(1, 'sedentary'),
(2, 'active');

-- --------------------------------------------------------

--
-- Table structure for table `nutrient`
--

CREATE TABLE IF NOT EXISTS `nutrient` (
  `id` int(11) NOT NULL AUTO_INCREMENT,
  `name` varchar(100) NOT NULL,
  `unit` int(11) NOT NULL,
  `isImportant` tinyint(4) NOT NULL DEFAULT '0',
  PRIMARY KEY (`id`),
  KEY `unit` (`unit`)
) ENGINE=InnoDB  DEFAULT CHARSET=utf8 AUTO_INCREMENT=10 ;

--
-- Dumping data for table `nutrient`
--

INSERT INTO `nutrient` (`id`, `name`, `unit`, `isImportant`) VALUES
(1, 'fibres', 1, 1),
(2, 'simple carbohidrates', 1, 1),
(3, 'complex carbohidrates', 1, 1),
(4, 'saturated fats', 1, 1),
(5, 'protein', 1, 1),
(6, 'unsaturated fat', 1, 1),
(7, 'cholesterol', 1, 1),
(8, 'salt', 1, 1),
(9, 'alcohol', 2, 1);

-- --------------------------------------------------------

--
-- Table structure for table `patient`
--

CREATE TABLE IF NOT EXISTS `patient` (
  `id` int(11) NOT NULL AUTO_INCREMENT,
  `name` varchar(100) NOT NULL,
  `age` int(2) NOT NULL,
  `gender` int(11) NOT NULL,
  `height` int(3) NOT NULL,
  `weight` int(3) NOT NULL,
  `lifestyle` int(11) NOT NULL,
  `diabetesType` int(11) NOT NULL,
  PRIMARY KEY (`id`)
) ENGINE=InnoDB  DEFAULT CHARSET=utf8 AUTO_INCREMENT=6 ;

--
-- Dumping data for table `patient`
--

INSERT INTO `patient` (`id`, `name`, `age`, `gender`, `height`, `weight`, `lifestyle`, `diabetesType`) VALUES
(1, 'George', 23, 1, 180, 90, 1, 1),
(3, 'mircea29', 66, 1, 199, 99, 1, 1),
(4, 'Mr Bob', 57, 1, 175, 85, 1, 1),
(5, 'Maria', 30, 2, 175, 60, 2, 2);

-- --------------------------------------------------------

--
-- Table structure for table `planningRuleOutput`
--

CREATE TABLE IF NOT EXISTS `planningRuleOutput` (
  `nutrientId` int(11) NOT NULL,
  `ruleId` int(11) NOT NULL,
  `minQuantity` float NOT NULL,
  `maxQuantity` float NOT NULL,
  PRIMARY KEY (`nutrientId`,`ruleId`)
) ENGINE=InnoDB DEFAULT CHARSET=latin1;

--
-- Dumping data for table `planningRuleOutput`
--

INSERT INTO `planningRuleOutput` (`nutrientId`, `ruleId`, `minQuantity`, `maxQuantity`) VALUES
(1, 1, 25, 45),
(1, 3, 25, 45),
(1, 5, 25, 45),
(1, 6, 25, 45),
(1, 7, 25, 45),
(1, 8, 25, 45),
(1, 9, 25, 45),
(1, 10, 25, 45),
(1, 11, 25, 45),
(1, 12, 25, 45),
(1, 13, 25, 45),
(1, 14, 25, 45),
(1, 15, 25, 45),
(1, 16, 25, 45),
(1, 17, 25, 45),
(1, 19, 25, 45),
(1, 20, 25, 45),
(1, 21, 25, 45),
(1, 22, 25, 45),
(1, 23, 25, 45),
(1, 24, 25, 45),
(1, 25, 25, 45),
(1, 26, 25, 45),
(1, 27, 25, 45),
(1, 28, 25, 45),
(1, 29, 25, 45),
(1, 30, 25, 45),
(1, 32, 25, 45),
(1, 33, 25, 45),
(1, 34, 25, 45),
(1, 35, 25, 45),
(1, 36, 25, 45),
(1, 37, 25, 45),
(1, 38, 25, 45),
(1, 39, 25, 45),
(1, 40, 25, 45),
(1, 41, 25, 45),
(1, 42, 25, 45),
(1, 43, 25, 45),
(1, 44, 25, 45),
(1, 45, 25, 45),
(1, 46, 25, 45),
(1, 47, 25, 45),
(1, 48, 25, 45),
(1, 49, 25, 45),
(1, 50, 25, 45),
(1, 51, 25, 45),
(1, 52, 25, 45),
(1, 53, 25, 45),
(1, 54, 25, 45),
(1, 55, 25, 45),
(1, 56, 25, 45),
(1, 57, 25, 45),
(1, 58, 25, 45),
(1, 59, 25, 45),
(1, 60, 25, 45),
(1, 61, 25, 45),
(1, 62, 25, 45),
(1, 64, 25, 45),
(1, 65, 25, 45),
(1, 67, 25, 45),
(1, 69, 25, 45),
(1, 70, 25, 45),
(1, 71, 25, 45),
(1, 72, 25, 45),
(1, 73, 25, 45),
(1, 74, 25, 45),
(1, 75, 25, 45),
(1, 76, 25, 45),
(1, 77, 25, 45),
(1, 78, 25, 45),
(1, 79, 25, 45),
(1, 80, 25, 45),
(1, 81, 25, 45),
(1, 82, 25, 45),
(1, 83, 25, 45),
(1, 84, 25, 45),
(1, 85, 25, 45),
(1, 86, 25, 45),
(1, 87, 25, 45),
(1, 88, 25, 45),
(1, 89, 25, 45),
(1, 90, 25, 45),
(1, 91, 25, 45),
(1, 92, 25, 45),
(1, 93, 25, 45),
(1, 94, 25, 45),
(1, 95, 25, 45),
(1, 96, 25, 45),
(1, 97, 25, 45),
(1, 99, 25, 45),
(1, 101, 25, 45),
(1, 102, 25, 45),
(1, 103, 25, 45),
(1, 104, 25, 45),
(1, 105, 25, 45),
(1, 106, 25, 45),
(1, 107, 25, 45),
(1, 108, 25, 45),
(1, 109, 25, 45),
(1, 110, 25, 45),
(1, 111, 25, 45),
(1, 112, 25, 45),
(1, 113, 25, 45),
(1, 114, 25, 45),
(1, 115, 25, 45),
(1, 116, 25, 45),
(1, 117, 25, 45),
(1, 118, 25, 45),
(1, 119, 25, 45),
(1, 120, 25, 45),
(1, 121, 25, 45),
(1, 122, 25, 45),
(1, 123, 25, 45),
(1, 124, 25, 45),
(1, 125, 25, 45),
(1, 126, 25, 45),
(1, 127, 25, 45),
(1, 128, 25, 45),
(2, 1, 35, 48),
(2, 3, 35, 48),
(2, 5, 35, 48),
(2, 6, 33, 46),
(2, 7, 35, 48),
(2, 8, 33, 46),
(2, 9, 35, 48),
(2, 10, 33, 46),
(2, 11, 35, 48),
(2, 12, 33, 46),
(2, 13, 35, 48),
(2, 14, 33, 46),
(2, 15, 35, 48),
(2, 16, 33, 46),
(2, 17, 35, 48),
(2, 19, 35, 48),
(2, 20, 33, 46),
(2, 21, 35, 48),
(2, 22, 30, 42),
(2, 23, 35, 48),
(2, 24, 30, 42),
(2, 25, 30, 41),
(2, 26, 30, 42),
(2, 27, 30, 41),
(2, 28, 30, 42),
(2, 29, 30, 41),
(2, 30, 30, 42),
(2, 32, 30, 42),
(2, 33, 40, 52),
(2, 34, 32, 44),
(2, 35, 40, 52),
(2, 36, 32, 44),
(2, 37, 40, 52),
(2, 38, 29, 39),
(2, 39, 35, 48),
(2, 40, 29, 39),
(2, 41, 35, 48),
(2, 42, 25, 35),
(2, 43, 40, 52),
(2, 44, 29, 39),
(2, 45, 35, 48),
(2, 46, 29, 39),
(2, 47, 35, 48),
(2, 48, 25, 35),
(2, 49, 35, 48),
(2, 50, 29, 39),
(2, 51, 35, 48),
(2, 52, 29, 39),
(2, 53, 35, 48),
(2, 54, 25, 35),
(2, 55, 35, 48),
(2, 56, 25, 35),
(2, 57, 35, 48),
(2, 58, 25, 37),
(2, 59, 31, 43),
(2, 60, 29, 39),
(2, 61, 31, 43),
(2, 62, 25, 37),
(2, 64, 25, 37),
(2, 65, 40, 52),
(2, 67, 40, 52),
(2, 69, 35, 48),
(2, 70, 29, 39),
(2, 71, 35, 48),
(2, 72, 29, 39),
(2, 73, 35, 48),
(2, 74, 25, 35),
(2, 75, 35, 48),
(2, 76, 25, 35),
(2, 77, 35, 48),
(2, 78, 25, 35),
(2, 79, 30, 41),
(2, 80, 25, 37),
(2, 81, 35, 48),
(2, 82, 25, 35),
(2, 83, 35, 48),
(2, 84, 29, 39),
(2, 85, 35, 48),
(2, 86, 25, 35),
(2, 87, 35, 48),
(2, 88, 25, 35),
(2, 89, 31, 43),
(2, 90, 25, 37),
(2, 91, 31, 43),
(2, 92, 25, 37),
(2, 93, 31, 43),
(2, 94, 25, 37),
(2, 95, 31, 43),
(2, 96, 25, 37),
(2, 97, 30, 41),
(2, 99, 30, 41),
(2, 101, 25, 36),
(2, 102, 18, 28),
(2, 103, 25, 36),
(2, 104, 25, 37),
(2, 105, 25, 36),
(2, 106, 25, 37),
(2, 107, 30, 41),
(2, 108, 18, 28),
(2, 109, 25, 36),
(2, 110, 18, 28),
(2, 111, 25, 36),
(2, 112, 25, 37),
(2, 113, 30, 41),
(2, 114, 25, 37),
(2, 115, 30, 41),
(2, 116, 25, 37),
(2, 117, 25, 36),
(2, 118, 18, 28),
(2, 119, 30, 41),
(2, 120, 18, 28),
(2, 121, 25, 36),
(2, 122, 39, 49),
(2, 123, 25, 36),
(2, 124, 39, 49),
(2, 125, 25, 36),
(2, 126, 39, 49),
(2, 127, 25, 36),
(2, 128, 39, 49),
(3, 1, 141, 151),
(3, 3, 141, 151),
(3, 5, 141, 151),
(3, 6, 153, 171),
(3, 7, 141, 151),
(3, 8, 153, 171),
(3, 9, 141, 151),
(3, 10, 153, 171),
(3, 11, 141, 151),
(3, 12, 153, 171),
(3, 13, 141, 151),
(3, 14, 153, 171),
(3, 15, 141, 151),
(3, 16, 153, 171),
(3, 17, 141, 151),
(3, 19, 141, 151),
(3, 20, 153, 171),
(3, 21, 141, 151),
(3, 22, 132, 142),
(3, 23, 141, 151),
(3, 24, 132, 142),
(3, 25, 122, 132),
(3, 26, 132, 142),
(3, 27, 122, 132),
(3, 28, 132, 142),
(3, 29, 122, 132),
(3, 30, 132, 142),
(3, 32, 132, 142),
(3, 33, 147, 157),
(3, 34, 181, 191),
(3, 35, 147, 157),
(3, 36, 181, 191),
(3, 37, 147, 157),
(3, 38, 161, 171),
(3, 39, 141, 151),
(3, 40, 161, 171),
(3, 41, 141, 151),
(3, 42, 144, 154),
(3, 43, 147, 157),
(3, 44, 161, 171),
(3, 45, 141, 151),
(3, 46, 161, 171),
(3, 47, 141, 151),
(3, 48, 144, 154),
(3, 49, 141, 151),
(3, 50, 161, 171),
(3, 51, 141, 151),
(3, 52, 161, 171),
(3, 53, 141, 151),
(3, 54, 144, 154),
(3, 55, 141, 151),
(3, 56, 144, 154),
(3, 57, 141, 151),
(3, 58, 131, 141),
(3, 59, 126, 136),
(3, 60, 161, 171),
(3, 61, 126, 136),
(3, 62, 131, 141),
(3, 64, 131, 141),
(3, 65, 147, 157),
(3, 67, 147, 157),
(3, 69, 141, 151),
(3, 70, 161, 171),
(3, 71, 141, 151),
(3, 72, 161, 171),
(3, 73, 141, 151),
(3, 74, 144, 154),
(3, 75, 141, 151),
(3, 76, 144, 154),
(3, 77, 141, 151),
(3, 78, 144, 154),
(3, 79, 119, 129),
(3, 80, 131, 141),
(3, 81, 141, 151),
(3, 82, 144, 154),
(3, 83, 141, 151),
(3, 84, 161, 171),
(3, 85, 141, 151),
(3, 86, 144, 154),
(3, 87, 141, 151),
(3, 88, 144, 154),
(3, 89, 126, 136),
(3, 90, 131, 141),
(3, 91, 126, 136),
(3, 92, 131, 141),
(3, 93, 126, 136),
(3, 94, 131, 141),
(3, 95, 126, 136),
(3, 96, 131, 141),
(3, 97, 119, 129),
(3, 99, 119, 129),
(3, 101, 104, 114),
(3, 102, 114, 124),
(3, 103, 104, 114),
(3, 104, 131, 141),
(3, 105, 104, 114),
(3, 106, 131, 141),
(3, 107, 119, 129),
(3, 108, 114, 124),
(3, 109, 89, 99),
(3, 110, 114, 124),
(3, 111, 89, 99),
(3, 112, 131, 141),
(3, 113, 119, 129),
(3, 114, 131, 141),
(3, 115, 119, 129),
(3, 116, 131, 141),
(3, 117, 104, 114),
(3, 118, 114, 124),
(3, 119, 119, 129),
(3, 120, 114, 124),
(3, 121, 89, 99),
(3, 122, 96, 106),
(3, 123, 104, 114),
(3, 124, 96, 106),
(3, 125, 89, 99),
(3, 126, 96, 106),
(3, 127, 89, 99),
(3, 128, 96, 106),
(4, 1, 4, 14),
(4, 3, 4, 14),
(4, 5, 4, 14),
(4, 6, 4, 14),
(4, 7, 4, 14),
(4, 8, 4, 14),
(4, 9, 4, 14),
(4, 10, 4, 14),
(4, 11, 4, 14),
(4, 12, 4, 14),
(4, 13, 4, 14),
(4, 14, 4, 14),
(4, 15, 4, 14),
(4, 16, 4, 14),
(4, 17, 4, 14),
(4, 19, 4, 14),
(4, 20, 4, 14),
(4, 21, 4, 14),
(4, 22, 4, 12),
(4, 23, 4, 14),
(4, 24, 4, 12),
(4, 25, 4, 12),
(4, 26, 4, 12),
(4, 27, 4, 12),
(4, 28, 4, 12),
(4, 29, 4, 12),
(4, 30, 4, 12),
(4, 32, 4, 12),
(4, 33, 4, 15),
(4, 34, 5, 17),
(4, 35, 4, 15),
(4, 36, 5, 17),
(4, 37, 4, 15),
(4, 38, 5, 16),
(4, 39, 4, 14),
(4, 40, 5, 16),
(4, 41, 4, 14),
(4, 42, 4, 14),
(4, 43, 4, 15),
(4, 44, 5, 16),
(4, 45, 4, 14),
(4, 46, 5, 16),
(4, 47, 4, 14),
(4, 48, 4, 14),
(4, 49, 4, 14),
(4, 50, 5, 16),
(4, 51, 4, 14),
(4, 52, 5, 16),
(4, 53, 4, 14),
(4, 54, 4, 14),
(4, 55, 4, 14),
(4, 56, 4, 14),
(4, 57, 4, 14),
(4, 58, 4, 13),
(4, 59, 4, 14),
(4, 60, 5, 16),
(4, 61, 4, 14),
(4, 62, 4, 13),
(4, 64, 4, 13),
(4, 65, 4, 15),
(4, 67, 4, 15),
(4, 69, 4, 14),
(4, 70, 5, 16),
(4, 71, 4, 14),
(4, 72, 5, 16),
(4, 73, 4, 14),
(4, 74, 4, 14),
(4, 75, 4, 14),
(4, 76, 4, 14),
(4, 77, 4, 14),
(4, 78, 4, 14),
(4, 79, 3, 12),
(4, 80, 4, 13),
(4, 81, 4, 14),
(4, 82, 4, 14),
(4, 83, 4, 14),
(4, 84, 5, 16),
(4, 85, 4, 14),
(4, 86, 4, 14),
(4, 87, 4, 14),
(4, 88, 4, 14),
(4, 89, 4, 14),
(4, 90, 4, 13),
(4, 91, 4, 14),
(4, 92, 4, 13),
(4, 93, 4, 14),
(4, 94, 4, 13),
(4, 95, 4, 14),
(4, 96, 4, 13),
(4, 97, 3, 12),
(4, 99, 3, 12),
(4, 101, 3, 10),
(4, 102, 3, 11),
(4, 103, 3, 10),
(4, 104, 4, 13),
(4, 105, 3, 10),
(4, 106, 4, 13),
(4, 107, 3, 12),
(4, 108, 3, 11),
(4, 109, 2, 9),
(4, 110, 3, 11),
(4, 111, 2, 9),
(4, 112, 4, 13),
(4, 113, 3, 12),
(4, 114, 4, 13),
(4, 115, 3, 12),
(4, 116, 4, 13),
(4, 117, 3, 10),
(4, 118, 3, 11),
(4, 119, 3, 12),
(4, 120, 3, 11),
(4, 121, 2, 9),
(4, 122, 2, 9),
(4, 123, 3, 10),
(4, 124, 2, 9),
(4, 125, 2, 9),
(4, 126, 2, 9),
(4, 127, 2, 9),
(4, 128, 2, 9),
(5, 1, 67, 77),
(5, 3, 67, 77),
(5, 5, 67, 77),
(5, 6, 94, 114),
(5, 7, 67, 77),
(5, 8, 94, 114),
(5, 9, 67, 77),
(5, 10, 94, 114),
(5, 11, 67, 77),
(5, 12, 94, 114),
(5, 13, 67, 77),
(5, 14, 94, 114),
(5, 15, 67, 77),
(5, 16, 94, 114),
(5, 17, 67, 77),
(5, 19, 67, 77),
(5, 20, 94, 114),
(5, 21, 67, 77),
(5, 22, 81, 91),
(5, 23, 67, 77),
(5, 24, 81, 91),
(5, 25, 57, 67),
(5, 26, 81, 91),
(5, 27, 57, 67),
(5, 28, 81, 91),
(5, 29, 57, 67),
(5, 30, 81, 91),
(5, 32, 81, 91),
(5, 33, 73, 83),
(5, 34, 104, 114),
(5, 35, 73, 83),
(5, 36, 104, 114),
(5, 37, 73, 83),
(5, 38, 104, 103),
(5, 39, 67, 77),
(5, 40, 104, 103),
(5, 41, 67, 77),
(5, 42, 82, 92),
(5, 43, 73, 83),
(5, 44, 104, 103),
(5, 45, 67, 77),
(5, 46, 104, 103),
(5, 47, 67, 77),
(5, 48, 82, 92),
(5, 49, 67, 77),
(5, 50, 104, 103),
(5, 51, 67, 77),
(5, 52, 104, 103),
(5, 53, 67, 77),
(5, 54, 82, 92),
(5, 55, 67, 77),
(5, 56, 82, 92),
(5, 57, 67, 77),
(5, 58, 75, 85),
(5, 59, 59, 69),
(5, 60, 104, 103),
(5, 61, 59, 69),
(5, 62, 75, 85),
(5, 64, 75, 85),
(5, 65, 73, 83),
(5, 67, 73, 83),
(5, 69, 67, 77),
(5, 70, 104, 103),
(5, 71, 67, 77),
(5, 72, 104, 103),
(5, 73, 67, 77),
(5, 74, 82, 92),
(5, 75, 67, 77),
(5, 76, 82, 92),
(5, 77, 67, 77),
(5, 78, 82, 92),
(5, 79, 55, 65),
(5, 80, 75, 85),
(5, 81, 67, 77),
(5, 82, 82, 92),
(5, 83, 67, 77),
(5, 84, 104, 103),
(5, 85, 67, 77),
(5, 86, 82, 92),
(5, 87, 67, 77),
(5, 88, 82, 92),
(5, 89, 59, 69),
(5, 90, 75, 85),
(5, 91, 59, 69),
(5, 92, 75, 85),
(5, 93, 59, 69),
(5, 94, 75, 85),
(5, 95, 59, 69),
(5, 96, 75, 85),
(5, 97, 55, 65),
(5, 99, 55, 65),
(5, 101, 47, 57),
(5, 102, 65, 75),
(5, 103, 47, 57),
(5, 104, 75, 85),
(5, 105, 47, 57),
(5, 106, 75, 85),
(5, 107, 55, 65),
(5, 108, 65, 75),
(5, 109, 40, 50),
(5, 110, 65, 75),
(5, 111, 40, 50),
(5, 112, 75, 85),
(5, 113, 55, 65),
(5, 114, 75, 85),
(5, 115, 55, 65),
(5, 116, 75, 85),
(5, 117, 47, 57),
(5, 118, 65, 75),
(5, 119, 55, 65),
(5, 120, 65, 75),
(5, 121, 40, 50),
(5, 122, 54, 64),
(5, 123, 47, 57),
(5, 124, 54, 64),
(5, 125, 40, 50),
(5, 126, 54, 64),
(5, 127, 40, 50),
(5, 128, 54, 64),
(6, 1, 45, 55),
(6, 3, 45, 55),
(6, 5, 45, 55),
(6, 6, 44, 54),
(6, 7, 45, 55),
(6, 8, 44, 54),
(6, 9, 45, 55),
(6, 10, 44, 54),
(6, 11, 45, 55),
(6, 12, 44, 54),
(6, 13, 45, 55),
(6, 14, 44, 54),
(6, 15, 45, 55),
(6, 16, 44, 54),
(6, 17, 45, 55),
(6, 19, 45, 55),
(6, 20, 44, 54),
(6, 21, 45, 55),
(6, 22, 45, 55),
(6, 23, 45, 55),
(6, 24, 45, 55),
(6, 25, 38, 48),
(6, 26, 45, 55),
(6, 27, 38, 48),
(6, 28, 45, 55),
(6, 29, 38, 48),
(6, 30, 45, 55),
(6, 32, 45, 55),
(6, 33, 47, 57),
(6, 34, 62, 72),
(6, 35, 47, 57),
(6, 36, 62, 72),
(6, 37, 47, 57),
(6, 38, 55, 65),
(6, 39, 45, 55),
(6, 40, 55, 65),
(6, 41, 45, 55),
(6, 42, 48, 58),
(6, 43, 47, 57),
(6, 44, 55, 65),
(6, 45, 45, 55),
(6, 46, 55, 65),
(6, 47, 45, 55),
(6, 48, 48, 58),
(6, 49, 45, 55),
(6, 50, 55, 65),
(6, 51, 45, 55),
(6, 52, 55, 65),
(6, 53, 45, 55),
(6, 54, 48, 58),
(6, 55, 45, 55),
(6, 56, 48, 58),
(6, 57, 45, 55),
(6, 58, 44, 54),
(6, 59, 48, 58),
(6, 60, 55, 65),
(6, 61, 48, 58),
(6, 62, 44, 54),
(6, 64, 44, 54),
(6, 65, 47, 57),
(6, 67, 47, 57),
(6, 69, 45, 55),
(6, 70, 55, 65),
(6, 71, 45, 55),
(6, 72, 55, 65),
(6, 73, 45, 55),
(6, 74, 48, 58),
(6, 75, 45, 55),
(6, 76, 48, 58),
(6, 77, 45, 55),
(6, 78, 48, 58),
(6, 79, 39, 47),
(6, 80, 44, 54),
(6, 81, 45, 55),
(6, 82, 48, 58),
(6, 83, 45, 55),
(6, 84, 55, 65),
(6, 85, 45, 55),
(6, 86, 48, 58),
(6, 87, 45, 55),
(6, 88, 48, 58),
(6, 89, 48, 58),
(6, 90, 44, 54),
(6, 91, 48, 58),
(6, 92, 44, 54),
(6, 93, 48, 58),
(6, 94, 44, 54),
(6, 95, 48, 58),
(6, 96, 44, 54),
(6, 97, 39, 47),
(6, 99, 39, 47),
(6, 101, 31, 41),
(6, 102, 37, 47),
(6, 103, 31, 41),
(6, 104, 44, 54),
(6, 105, 31, 41),
(6, 106, 44, 54),
(6, 107, 39, 47),
(6, 108, 37, 47),
(6, 109, 26, 36),
(6, 110, 37, 47),
(6, 111, 26, 36),
(6, 112, 44, 54),
(6, 113, 39, 47),
(6, 114, 44, 54),
(6, 115, 39, 47),
(6, 116, 44, 54),
(6, 117, 31, 41),
(6, 118, 37, 47),
(6, 119, 39, 47),
(6, 120, 37, 47),
(6, 121, 26, 36),
(6, 122, 30, 40),
(6, 123, 31, 41),
(6, 124, 30, 40),
(6, 125, 26, 36),
(6, 126, 30, 40),
(6, 127, 26, 36),
(6, 128, 30, 40),
(7, 1, 0.1, 0.2),
(7, 3, 0.1, 0.2),
(7, 5, 0.1, 0.2),
(7, 6, 0.1, 0.2),
(7, 7, 0.1, 0.2),
(7, 8, 0.1, 0.2),
(7, 9, 0.1, 0.2),
(7, 10, 0.1, 0.2),
(7, 11, 0.1, 0.2),
(7, 12, 0.1, 0.2),
(7, 13, 0.1, 0.2),
(7, 14, 0.1, 0.2),
(7, 15, 0.1, 0.2),
(7, 16, 0.1, 0.2),
(7, 17, 0.1, 0.2),
(7, 19, 0.1, 0.2),
(7, 20, 0.1, 0.2),
(7, 21, 0.1, 0.2),
(7, 22, 0.1, 0.2),
(7, 23, 0.1, 0.2),
(7, 24, 0.1, 0.2),
(7, 25, 0.1, 0.2),
(7, 26, 0.1, 0.2),
(7, 27, 0.1, 0.2),
(7, 28, 0.1, 0.2),
(7, 29, 0.1, 0.2),
(7, 30, 0.1, 0.2),
(7, 32, 0.1, 0.2),
(7, 33, 0.1, 0.2),
(7, 34, 0.1, 0.2),
(7, 35, 0.1, 0.2),
(7, 36, 0.1, 0.2),
(7, 37, 0.1, 0.2),
(7, 38, 0.1, 0.2),
(7, 39, 0.1, 0.2),
(7, 40, 0.1, 0.2),
(7, 41, 0.1, 0.2),
(7, 42, 0.1, 0.2),
(7, 43, 0.1, 0.2),
(7, 44, 0.1, 0.2),
(7, 45, 0.1, 0.2),
(7, 46, 0.1, 0.2),
(7, 47, 0.1, 0.2),
(7, 48, 0.1, 0.2),
(7, 49, 0.1, 0.2),
(7, 50, 0.1, 0.2),
(7, 51, 0.1, 0.2),
(7, 52, 0.1, 0.2),
(7, 53, 0.1, 0.2),
(7, 54, 0.1, 0.2),
(7, 55, 0.1, 0.2),
(7, 56, 0.1, 0.2),
(7, 57, 0.1, 0.2),
(7, 58, 0.1, 0.2),
(7, 59, 0.1, 0.2),
(7, 60, 0.1, 0.2),
(7, 61, 0.1, 0.2),
(7, 62, 0.1, 0.2),
(7, 64, 0.1, 0.2),
(7, 65, 0.1, 0.2),
(7, 67, 0.1, 0.2),
(7, 69, 0.1, 0.2),
(7, 70, 0.1, 0.2),
(7, 71, 0.1, 0.2),
(7, 72, 0.1, 0.2),
(7, 73, 0.1, 0.2),
(7, 74, 0.1, 0.2),
(7, 75, 0.1, 0.2),
(7, 76, 0.1, 0.2),
(7, 77, 0.1, 0.2),
(7, 78, 0.1, 0.2),
(7, 79, 0.1, 0.2),
(7, 80, 0.1, 0.2),
(7, 81, 0.1, 0.2),
(7, 82, 0.1, 0.2),
(7, 83, 0.1, 0.2),
(7, 84, 0.1, 0.2),
(7, 85, 0.1, 0.2),
(7, 86, 0.1, 0.2),
(7, 87, 0.1, 0.2),
(7, 88, 0.1, 0.2),
(7, 89, 0.1, 0.2),
(7, 90, 0.1, 0.2),
(7, 91, 0.1, 0.2),
(7, 92, 0.1, 0.2),
(7, 93, 0.1, 0.2),
(7, 94, 0.1, 0.2),
(7, 95, 0.1, 0.2),
(7, 96, 0.1, 0.2),
(7, 97, 0.1, 0.2),
(7, 99, 0.1, 0.2),
(7, 101, 0.1, 0.2),
(7, 102, 0.1, 0.2),
(7, 103, 0.1, 0.2),
(7, 104, 0.1, 0.2),
(7, 105, 0.1, 0.2),
(7, 106, 0.1, 0.2),
(7, 107, 0.1, 0.2),
(7, 108, 0.1, 0.2),
(7, 109, 0.1, 0.2),
(7, 110, 0.1, 0.2),
(7, 111, 0.1, 0.2),
(7, 112, 0.1, 0.2),
(7, 113, 0.1, 0.2),
(7, 114, 0.1, 0.2),
(7, 115, 0.1, 0.2),
(7, 116, 0.1, 0.2),
(7, 117, 0.1, 0.2),
(7, 118, 0.1, 0.2),
(7, 119, 0.1, 0.2),
(7, 120, 0.1, 0.2),
(7, 121, 0.1, 0.2),
(7, 122, 0.1, 0.2),
(7, 123, 0.1, 0.2),
(7, 124, 0.1, 0.2),
(7, 125, 0.1, 0.2),
(7, 126, 0.1, 0.2),
(7, 127, 0.1, 0.2),
(7, 128, 0.1, 0.2),
(8, 1, 0, 4),
(8, 3, 0, 4),
(8, 5, 0, 4),
(8, 6, 0, 4),
(8, 7, 0, 4),
(8, 8, 0, 4),
(8, 9, 0, 4),
(8, 10, 0, 4),
(8, 11, 0, 4),
(8, 12, 0, 4),
(8, 13, 0, 4),
(8, 14, 0, 4),
(8, 15, 0, 4),
(8, 16, 0, 4),
(8, 17, 0, 4),
(8, 19, 0, 4),
(8, 20, 0, 4),
(8, 21, 0, 4),
(8, 22, 0, 4),
(8, 23, 0, 4),
(8, 24, 0, 4),
(8, 25, 0, 4),
(8, 26, 0, 4),
(8, 27, 0, 4),
(8, 28, 0, 4),
(8, 29, 0, 4),
(8, 30, 0, 4),
(8, 32, 0, 4),
(8, 33, 0, 4),
(8, 34, 0, 4),
(8, 35, 0, 4),
(8, 36, 0, 4),
(8, 37, 0, 4),
(8, 38, 0, 4),
(8, 39, 0, 4),
(8, 40, 0, 4),
(8, 41, 0, 4),
(8, 42, 0, 4),
(8, 43, 0, 4),
(8, 44, 0, 4),
(8, 45, 0, 4),
(8, 46, 0, 4),
(8, 47, 0, 4),
(8, 48, 0, 4),
(8, 49, 0, 4),
(8, 50, 0, 4),
(8, 51, 0, 4),
(8, 52, 0, 4),
(8, 53, 0, 4),
(8, 54, 0, 4),
(8, 55, 0, 4),
(8, 56, 0, 4),
(8, 57, 0, 4),
(8, 58, 0, 4),
(8, 59, 0, 4),
(8, 60, 0, 4),
(8, 61, 0, 4),
(8, 62, 0, 4),
(8, 64, 0, 4),
(8, 65, 0, 4),
(8, 67, 0, 4),
(8, 69, 0, 4),
(8, 70, 0, 4),
(8, 71, 0, 4),
(8, 72, 0, 4),
(8, 73, 0, 4),
(8, 74, 0, 4),
(8, 75, 0, 4),
(8, 76, 0, 4),
(8, 77, 0, 4),
(8, 78, 0, 4),
(8, 79, 0, 4),
(8, 80, 0, 4),
(8, 81, 0, 4),
(8, 82, 0, 4),
(8, 83, 0, 4),
(8, 84, 0, 4),
(8, 85, 0, 4),
(8, 86, 0, 4),
(8, 87, 0, 4),
(8, 88, 0, 4),
(8, 89, 0, 4),
(8, 90, 0, 4),
(8, 91, 0, 4),
(8, 92, 0, 4),
(8, 93, 0, 4),
(8, 94, 0, 4),
(8, 95, 0, 4),
(8, 96, 0, 4),
(8, 97, 0, 4),
(8, 99, 0, 4),
(8, 101, 0, 4),
(8, 102, 0, 4),
(8, 103, 0, 4),
(8, 104, 0, 4),
(8, 105, 0, 4),
(8, 106, 0, 4),
(8, 107, 0, 4),
(8, 108, 0, 4),
(8, 109, 0, 4),
(8, 110, 0, 4),
(8, 111, 0, 4),
(8, 112, 0, 4),
(8, 113, 0, 4),
(8, 114, 0, 4),
(8, 115, 0, 4),
(8, 116, 0, 4),
(8, 117, 0, 4),
(8, 118, 0, 4),
(8, 119, 0, 4),
(8, 120, 0, 4),
(8, 121, 0, 4),
(8, 122, 0, 4),
(8, 123, 0, 4),
(8, 124, 0, 4),
(8, 125, 0, 4),
(8, 126, 0, 4),
(8, 127, 0, 4),
(8, 128, 0, 4);

-- --------------------------------------------------------

--
-- Table structure for table `planningRules`
--

CREATE TABLE IF NOT EXISTS `planningRules` (
  `id` int(11) NOT NULL AUTO_INCREMENT,
  `minAge` int(11) NOT NULL,
  `maxAge` int(11) NOT NULL,
  `genderId` int(11) NOT NULL,
  `minBMI` int(11) NOT NULL,
  `maxBMI` int(11) NOT NULL,
  `lifestyleId` int(11) NOT NULL,
  `diabetesTypeId` int(11) NOT NULL,
  `KCal` int(11) NOT NULL,
  `provideDiet` tinyint(1) NOT NULL DEFAULT '1',
  `hint` varchar(500) NOT NULL,
  PRIMARY KEY (`id`)
) ENGINE=InnoDB  DEFAULT CHARSET=latin1 AUTO_INCREMENT=129 ;

--
-- Dumping data for table `planningRules`
--

INSERT INTO `planningRules` (`id`, `minAge`, `maxAge`, `genderId`, `minBMI`, `maxBMI`, `lifestyleId`, `diabetesTypeId`, `KCal`, `provideDiet`, `hint`) VALUES
(1, 10, 17, 1, 16, 20, 1, 1, 2040, 1, ''),
(2, 10, 17, 1, 16, 20, 1, 2, 0, 0, 'Not possible - Very rare - Seek medical advice'),
(3, 10, 17, 1, 16, 20, 2, 1, 2200, 1, ''),
(4, 10, 17, 1, 16, 20, 2, 2, 0, 0, 'Not possible - Very rare - Seek medical advice'),
(5, 10, 17, 1, 21, 25, 1, 1, 2040, 1, ''),
(6, 10, 17, 1, 21, 25, 1, 2, 2000, 1, ''),
(7, 10, 17, 1, 21, 25, 2, 1, 2200, 1, ''),
(8, 10, 17, 1, 21, 25, 2, 2, 2150, 1, ''),
(9, 10, 17, 1, 26, 30, 1, 1, 1960, 1, ''),
(10, 10, 17, 1, 26, 30, 1, 2, 1900, 1, ''),
(11, 10, 17, 1, 26, 30, 2, 1, 2000, 1, ''),
(12, 10, 17, 1, 26, 30, 2, 2, 2000, 1, ''),
(13, 10, 17, 1, 31, 100, 1, 1, 2000, 1, 'Rare - Seek medical advice'),
(14, 10, 17, 1, 31, 100, 1, 2, 1900, 1, 'Improve Lifestyle'),
(15, 10, 17, 1, 31, 100, 2, 1, 2100, 1, ''),
(16, 10, 17, 1, 31, 100, 2, 2, 1900, 1, 'Improve Lifestyle'),
(17, 10, 17, 2, 16, 20, 1, 1, 1960, 1, ''),
(18, 10, 17, 2, 16, 20, 1, 2, 0, 0, 'Not possible - Very rare - Seek medical advice'),
(19, 10, 17, 2, 16, 20, 2, 1, 2100, 1, ''),
(20, 10, 17, 2, 16, 20, 2, 2, 2000, 1, ''),
(21, 10, 17, 2, 21, 25, 1, 1, 1930, 1, ''),
(22, 10, 17, 2, 21, 25, 1, 2, 1800, 1, ''),
(23, 10, 17, 2, 21, 25, 2, 1, 1900, 1, ''),
(24, 10, 17, 2, 21, 25, 2, 2, 1800, 1, ''),
(25, 10, 17, 2, 26, 30, 1, 1, 1870, 1, ''),
(26, 10, 17, 2, 26, 30, 1, 2, 1700, 1, ''),
(27, 10, 17, 2, 26, 30, 2, 1, 1800, 1, ''),
(28, 10, 17, 2, 26, 30, 2, 2, 1800, 1, ''),
(29, 10, 17, 2, 31, 100, 1, 1, 1870, 1, ''),
(30, 10, 17, 2, 31, 100, 1, 2, 1700, 1, 'Improve Lifestyle'),
(31, 10, 17, 2, 31, 100, 2, 1, 0, 0, 'Not possible - Very rare - Seek medical advice'),
(32, 10, 17, 2, 31, 100, 2, 2, 1700, 1, 'Improve Lifestyle'),
(33, 18, 24, 1, 16, 20, 1, 1, 2270, 1, ''),
(34, 18, 24, 1, 16, 20, 1, 2, 2300, 1, 'Rare - Seek medical advice'),
(35, 18, 24, 1, 16, 20, 2, 1, 2300, 1, ''),
(36, 18, 24, 1, 16, 20, 2, 2, 2300, 1, ''),
(37, 18, 24, 1, 21, 25, 1, 1, 2280, 1, ''),
(38, 18, 24, 1, 21, 25, 1, 2, 2000, 1, ''),
(39, 18, 24, 1, 21, 25, 2, 1, 2100, 1, ''),
(40, 18, 24, 1, 21, 25, 2, 2, 2000, 1, ''),
(41, 18, 24, 1, 26, 30, 1, 1, 2200, 1, ''),
(42, 18, 24, 1, 26, 30, 1, 2, 1800, 1, ''),
(43, 18, 24, 1, 26, 30, 2, 1, 2300, 1, ''),
(44, 18, 24, 1, 26, 30, 2, 2, 1900, 1, ''),
(45, 18, 24, 1, 31, 100, 1, 1, 2200, 1, ''),
(46, 18, 24, 1, 31, 100, 1, 2, 1900, 1, 'Improve Lifestyle'),
(47, 18, 24, 1, 31, 100, 2, 1, 1960, 1, 'Rare - Seek medical advice'),
(48, 18, 24, 1, 31, 100, 2, 2, 1800, 1, 'Improve Lifestyle'),
(49, 18, 24, 2, 16, 20, 1, 1, 2070, 1, ''),
(50, 18, 24, 2, 16, 20, 1, 2, 2060, 1, 'Rare - Seek medical advice'),
(51, 18, 24, 2, 16, 20, 2, 1, 2100, 1, ''),
(52, 18, 24, 2, 16, 20, 2, 2, 2000, 1, ''),
(53, 18, 24, 2, 21, 25, 1, 1, 2000, 1, ''),
(54, 18, 24, 2, 21, 25, 1, 2, 1800, 1, ''),
(55, 18, 24, 2, 21, 25, 2, 1, 1900, 1, ''),
(56, 18, 24, 2, 21, 25, 2, 2, 1800, 1, ''),
(57, 18, 24, 2, 26, 30, 1, 1, 1900, 1, ''),
(58, 18, 24, 2, 26, 30, 1, 2, 1700, 1, ''),
(59, 18, 24, 2, 26, 30, 2, 1, 1800, 1, ''),
(60, 18, 24, 2, 26, 30, 2, 2, 1900, 1, ''),
(61, 18, 24, 2, 31, 100, 1, 1, 1800, 1, ''),
(62, 18, 24, 2, 31, 100, 1, 2, 1700, 1, 'Improve Lifestyle'),
(63, 18, 24, 2, 31, 100, 2, 1, 0, 0, 'Not Possible - Very Rare - Seek medical advice'),
(64, 18, 24, 2, 31, 100, 2, 2, 1600, 1, 'Improve Lifestyle'),
(65, 25, 55, 1, 16, 20, 1, 1, 2250, 1, ''),
(66, 25, 55, 1, 16, 20, 1, 2, 0, 0, 'Not Possible - Very Rare - Seek medical advice'),
(67, 25, 55, 1, 16, 20, 2, 1, 2300, 1, ''),
(68, 25, 55, 1, 16, 20, 2, 2, 0, 0, 'Not Possible - Very Rare - Seek medical advice'),
(69, 25, 55, 1, 21, 25, 1, 1, 2200, 1, ''),
(70, 25, 55, 1, 21, 25, 1, 2, 2000, 1, ''),
(71, 25, 55, 1, 21, 25, 2, 1, 2200, 1, ''),
(72, 25, 55, 1, 21, 25, 2, 2, 2200, 1, ''),
(73, 25, 55, 1, 26, 30, 1, 1, 2000, 1, ''),
(74, 25, 55, 1, 26, 30, 1, 2, 1800, 1, 'Improve Lifestyle'),
(75, 25, 55, 1, 26, 30, 2, 1, 1900, 1, ''),
(76, 25, 55, 1, 26, 30, 2, 2, 1800, 1, 'Improve Lifestyle'),
(77, 25, 55, 1, 31, 100, 1, 1, 1980, 1, ''),
(78, 25, 55, 1, 31, 100, 1, 2, 1800, 1, 'Two days without food - Improve Lifestyle'),
(79, 25, 55, 1, 31, 100, 2, 1, 1700, 1, 'Rare - Seek medical advice'),
(80, 25, 55, 1, 31, 100, 2, 2, 1700, 1, 'Surgery advised - Two days without food - Improve Lifestyle'),
(81, 25, 55, 2, 16, 20, 1, 1, 2050, 1, ''),
(82, 25, 55, 2, 16, 20, 1, 2, 1800, 1, 'Rare -seek medical advice'),
(83, 25, 55, 2, 16, 20, 2, 1, 2200, 1, ''),
(84, 25, 55, 2, 16, 20, 2, 2, 2000, 1, ''),
(85, 25, 55, 2, 20, 25, 1, 1, 1900, 1, ''),
(86, 25, 55, 2, 21, 25, 1, 2, 1800, 1, ''),
(87, 25, 55, 2, 21, 25, 2, 1, 1900, 1, ''),
(88, 25, 55, 2, 21, 25, 2, 2, 1800, 1, ''),
(89, 25, 55, 2, 26, 30, 1, 1, 1800, 1, ''),
(90, 25, 55, 2, 26, 30, 1, 2, 1700, 1, ''),
(91, 25, 55, 2, 26, 30, 2, 1, 1800, 1, ''),
(92, 25, 55, 2, 26, 30, 2, 2, 1700, 1, ''),
(93, 25, 55, 2, 31, 100, 1, 1, 1750, 1, ''),
(94, 25, 55, 2, 31, 100, 1, 2, 1600, 1, 'Two days without food - Improve Lifestyle'),
(95, 25, 55, 2, 31, 100, 2, 1, 1800, 1, 'Rare - Seek medical advice'),
(96, 25, 55, 2, 31, 100, 2, 2, 1700, 1, 'Surgery advised - Two days without food - Improve Lifestyle'),
(97, 56, 110, 1, 16, 20, 1, 1, 1700, 1, ''),
(98, 56, 110, 1, 16, 20, 1, 2, 0, 0, 'Not Possible - Very Rare - Seek medical advice'),
(99, 56, 110, 1, 16, 20, 2, 1, 1600, 1, ''),
(100, 56, 110, 1, 16, 20, 2, 2, 0, 0, 'Not Possible - Very Rare - Seek medical advice'),
(101, 56, 110, 1, 21, 25, 1, 1, 1500, 1, ''),
(102, 56, 110, 1, 21, 25, 1, 2, 1400, 1, ''),
(103, 56, 110, 1, 21, 25, 2, 1, 1500, 1, ''),
(104, 56, 110, 1, 21, 25, 2, 2, 1600, 1, ''),
(105, 56, 110, 1, 21, 30, 1, 1, 1400, 1, ''),
(106, 56, 110, 1, 21, 30, 1, 2, 1700, 1, ''),
(107, 56, 110, 1, 21, 30, 2, 1, 1600, 1, ''),
(108, 56, 110, 1, 26, 30, 2, 2, 1500, 1, ''),
(109, 56, 110, 1, 31, 100, 1, 1, 1350, 1, ''),
(110, 56, 110, 1, 31, 100, 1, 2, 1400, 1, ''),
(111, 56, 110, 1, 31, 100, 2, 1, 1300, 1, 'Very rare - Seek medical advice'),
(112, 56, 110, 1, 31, 100, 2, 2, 1600, 1, ''),
(113, 56, 110, 2, 16, 20, 1, 1, 1700, 1, ''),
(114, 56, 110, 2, 16, 20, 1, 2, 1600, 1, ''),
(115, 56, 110, 2, 16, 20, 2, 1, 1700, 1, ''),
(116, 56, 110, 2, 16, 20, 2, 2, 1750, 1, ''),
(117, 56, 110, 2, 21, 25, 1, 1, 1500, 1, ''),
(118, 56, 110, 2, 21, 25, 1, 2, 1400, 1, ''),
(119, 56, 110, 2, 21, 25, 2, 1, 1600, 1, ''),
(120, 56, 110, 2, 21, 25, 2, 2, 1500, 1, ''),
(121, 56, 110, 2, 26, 30, 1, 1, 1300, 1, ''),
(122, 56, 110, 2, 26, 30, 1, 2, 1200, 1, ''),
(123, 56, 110, 2, 26, 30, 2, 1, 1400, 1, ''),
(124, 56, 110, 2, 26, 30, 2, 2, 1300, 1, ''),
(125, 56, 110, 2, 31, 100, 1, 1, 1250, 1, ''),
(126, 56, 110, 2, 31, 100, 1, 2, 1200, 1, ''),
(127, 56, 110, 2, 31, 100, 2, 1, 1300, 1, 'Very rare - Seek medical advice'),
(128, 56, 110, 2, 31, 100, 2, 2, 1200, 1, '');

-- --------------------------------------------------------

--
-- Table structure for table `preparationMode`
--

CREATE TABLE IF NOT EXISTS `preparationMode` (
  `id` int(11) NOT NULL AUTO_INCREMENT,
  `name` varchar(100) NOT NULL,
  PRIMARY KEY (`id`)
) ENGINE=InnoDB  DEFAULT CHARSET=utf8 AUTO_INCREMENT=9 ;

--
-- Dumping data for table `preparationMode`
--

INSERT INTO `preparationMode` (`id`, `name`) VALUES
(1, 'baked'),
(2, 'fried'),
(3, 'boiled'),
(4, 'steaming'),
(5, 'fresh'),
(6, 'grilled'),
(7, 'saute'),
(8, 'in pan');

-- --------------------------------------------------------

--
-- Table structure for table `unit`
--

CREATE TABLE IF NOT EXISTS `unit` (
  `id` int(11) NOT NULL AUTO_INCREMENT,
  `name` varchar(50) NOT NULL,
  `shortName` varchar(10) NOT NULL,
  PRIMARY KEY (`id`)
) ENGINE=InnoDB  DEFAULT CHARSET=utf8 AUTO_INCREMENT=3 ;

--
-- Dumping data for table `unit`
--

INSERT INTO `unit` (`id`, `name`, `shortName`) VALUES
(1, 'grams', 'gm'),
(2, 'milliliters', 'ml');

--
-- Constraints for dumped tables
--

--
-- Constraints for table `nutrient`
--
ALTER TABLE `nutrient`
  ADD CONSTRAINT `nutrient_ibfk_1` FOREIGN KEY (`unit`) REFERENCES `unit` (`id`);

/*!40101 SET CHARACTER_SET_CLIENT=@OLD_CHARACTER_SET_CLIENT */;
/*!40101 SET CHARACTER_SET_RESULTS=@OLD_CHARACTER_SET_RESULTS */;
/*!40101 SET COLLATION_CONNECTION=@OLD_COLLATION_CONNECTION */;
