-- phpMyAdmin SQL Dump
-- version 3.5.6
-- http://www.phpmyadmin.net
--
-- Host: localhost
-- Generation Time: Feb 04, 2013 at 08:32 AM
-- Server version: 5.5.29-0ubuntu0.12.10.1
-- PHP Version: 5.4.6-1ubuntu1.1

SET SQL_MODE="NO_AUTO_VALUE_ON_ZERO";
SET time_zone = "+00:00";


/*!40101 SET @OLD_CHARACTER_SET_CLIENT=@@CHARACTER_SET_CLIENT */;
/*!40101 SET @OLD_CHARACTER_SET_RESULTS=@@CHARACTER_SET_RESULTS */;
/*!40101 SET @OLD_COLLATION_CONNECTION=@@COLLATION_CONNECTION */;
/*!40101 SET NAMES utf8 */;

--
-- Database: `inteleat`
--

-- --------------------------------------------------------

--
-- Table structure for table `assessmentRules`
--

CREATE TABLE IF NOT EXISTS `assessmentRules` (
  `id` int(11) NOT NULL AUTO_INCREMENT,
  `text` text NOT NULL,
  PRIMARY KEY (`id`)
) ENGINE=InnoDB  DEFAULT CHARSET=latin1 AUTO_INCREMENT=7 ;

--
-- Dumping data for table `assessmentRules`
--

INSERT INTO `assessmentRules` (`id`, `text`) VALUES
(1, 'if(dish.nutrient.4 > 6) return true;'),
(2, 'if(dish.preparationMode.2) return true; '),
(3, 'if(dish.nutrient.2 > 25) return true;'),
(4, 'if(dish.nutrient.7 > 0.1) return true;'),
(5, 'if(dish.nutrient.9 > 0) return true;'),
(6, 'if((dish.nutrient.2 / dish.nutrient.1) > 8 && (dish.nutrient.2 + dish.nutrient.3) > 18) return true;');

-- --------------------------------------------------------

--
-- Table structure for table `diabetesType`
--

CREATE TABLE IF NOT EXISTS `diabetesType` (
  `id` int(11) NOT NULL AUTO_INCREMENT,
  `name` varchar(50) NOT NULL,
  PRIMARY KEY (`id`)
) ENGINE=InnoDB  DEFAULT CHARSET=utf8 AUTO_INCREMENT=3 ;

--
-- Dumping data for table `diabetesType`
--

INSERT INTO `diabetesType` (`id`, `name`) VALUES
(1, 'Type 1'),
(2, 'Type 2');

-- --------------------------------------------------------

--
-- Table structure for table `dish`
--

CREATE TABLE IF NOT EXISTS `dish` (
  `id` int(11) NOT NULL AUTO_INCREMENT,
  `name` varchar(500) NOT NULL,
  `quantityPerPortion` int(11) NOT NULL,
  `portionUnit` int(11) NOT NULL,
  `calories` int(11) NOT NULL,
  `dishType` int(11) NOT NULL DEFAULT '1',
  PRIMARY KEY (`id`)
) ENGINE=InnoDB  DEFAULT CHARSET=utf8 AUTO_INCREMENT=61 ;

--
-- Dumping data for table `dish`
--

INSERT INTO `dish` (`id`, `name`, `quantityPerPortion`, `portionUnit`, `calories`, `dishType`) VALUES
(1, 'Green Smoothie', 170, 1, 52, 3),
(2, 'Frosty Almond Date Shake', 170, 1, 142, 3),
(3, 'Blackberry Iced Tea with Cinamon and Ginger', 150, 1, 30, 3),
(4, 'Iced Espresso Latte', 150, 1, 91, 3),
(5, 'Sweet Ginger Tisane', 120, 1, 77, 3),
(6, 'Minty lime Ice Tea', 120, 1, 12, 3),
(7, 'Island Chiller', 120, 1, 68, 3),
(8, 'Orange Dream', 200, 1, 89, 3),
(9, 'Strawberry Banana Mikshake', 150, 1, 175, 3),
(10, 'Watermelon- Cranberry Agua Fresca', 150, 1, 94, 3),
(11, 'White Wine', 425, 1, 121, 3),
(12, 'Cola', 340, 1, 140, 3),
(13, 'Red Wine', 425, 1, 125, 3),
(14, 'Semi Skimmed Milk', 250, 1, 100, 3),
(15, 'Choco Milk full fat', 250, 1, 208, 3),
(16, 'Chocolate Soy Milk', 250, 1, 120, 3),
(17, 'American Cheese', 28, 1, 96, 2),
(18, 'Chocolate Cookie', 12, 1, 57, 2),
(19, 'Doughnuts', 60, 1, 250, 2),
(20, ' Glazed Doughnuts ', 60, 1, 250, 2),
(21, 'Organic Stroopwafels', 30, 1, 160, 2),
(22, 'Hummus', 30, 1, 48, 2),
(23, 'Avocado Dip', 60, 1, 65, 2),
(24, 'Frosty almond date shake', 237, 1, 142, 3),
(25, 'Shrimp Bisque', 237, 1, 163, 1),
(26, 'Muesli Breakfast Bars', 100, 1, 177, 2),
(27, 'Beef Stew', 250, 1, 389, 1),
(28, 'Balsamic roast chicken', 100, 1, 290, 1),
(29, 'Wild Rice with Chicken Soup', 250, 1, 230, 1),
(30, 'Potato Chicken', 200, 1, 220, 1),
(31, 'Baked macaroni', 237, 1, 290, 1),
(32, 'Lasagna', 237, 1, 400, 1),
(33, 'Roasted salmon', 200, 1, 241, 1),
(34, 'Quesadillas', 92, 1, 103, 1),
(35, 'Paella with chicken', 150, 1, 345, 1),
(36, 'Pasta Primavera', 300, 1, 350, 1),
(37, 'Pasta salad with mixed vegetables', 140, 1, 235, 1),
(38, 'Portobello and blue cheese salad', 150, 1, 190, 1),
(39, 'Pasta with spinach, garbanzos and raisins', 150, 1, 347, 1),
(40, 'Rice and beans salad', 177, 1, 235, 1),
(41, 'Sesame-crusted tofu', 237, 1, 265, 1),
(42, 'Stuffed eggplant', 237, 1, 346, 1),
(43, 'Spicy beef kebabs', 150, 1, 301, 1),
(44, 'Spinach frittata', 300, 1, 183, 1),
(45, 'Tuna steak sandwiches', 100, 1, 176, 2),
(46, 'Irish Coffee', 30, 2, 26, 3),
(47, 'Espresso', 59, 2, 1, 3),
(48, 'Espresso Chip Ice Cream', 118, 1, 220, 2),
(49, 'Earl Grey', 2, 1, 0, 3),
(50, 'Green Tea with honey', 360, 2, 50, 3),
(51, 'Asparagus, tomato and red pepper French bread pizza', 150, 1, 252, 1),
(52, 'Balsamic roast chicken', 250, 1, 290, 1),
(53, 'Baked salmon with Southeast Asian marinade', 150, 1, 310, 1),
(54, 'Chicken with Tarragon Cream Sauce', 200, 1, 231, 1),
(55, 'Puerto Rican Fish Stew', 150, 1, 215, 1),
(56, 'Grilled Salmon with Tomatoes & Basil', 200, 1, 248, 1),
(57, 'Broccoli cheddar bake', 200, 1, 168, 1),
(58, 'Caesar salad with grilled chicken', 200, 1, 201, 1),
(59, 'Grilled turkey burger', 150, 1, 244, 1),
(60, 'French country chicken with mushroom sauce', 180, 1, 239, 1);

-- --------------------------------------------------------

--
-- Table structure for table `dishNutrients`
--

CREATE TABLE IF NOT EXISTS `dishNutrients` (
  `dishId` int(11) NOT NULL,
  `nutrientId` int(11) NOT NULL,
  `quantity` float NOT NULL,
  PRIMARY KEY (`dishId`,`nutrientId`)
) ENGINE=InnoDB DEFAULT CHARSET=utf8;

--
-- Dumping data for table `dishNutrients`
--

INSERT INTO `dishNutrients` (`dishId`, `nutrientId`, `quantity`) VALUES
(1, 1, 2),
(1, 3, 12),
(1, 5, 1),
(1, 8, 0.014),
(2, 1, 2),
(2, 2, 4),
(2, 3, 28),
(2, 4, 1),
(2, 5, 3),
(2, 6, 1),
(2, 8, 0.096),
(3, 3, 7),
(4, 3, 20),
(4, 5, 3),
(4, 7, 2),
(4, 8, 0.061),
(5, 3, 20),
(5, 5, 1),
(5, 8, 0.08),
(6, 3, 3),
(6, 8, 0.07),
(7, 1, 1),
(7, 3, 16),
(7, 5, 1),
(7, 8, 0.06),
(8, 1, 1),
(8, 2, 4),
(8, 3, 13),
(8, 4, 0.5),
(8, 5, 3),
(8, 6, 0.5),
(8, 8, 0.021),
(9, 1, 3),
(9, 3, 36),
(9, 5, 7),
(9, 6, 1),
(9, 7, 0.001),
(9, 8, 0.061),
(10, 3, 23),
(10, 5, 1),
(10, 8, 0.05),
(11, 2, 1),
(11, 3, 4),
(11, 9, 2),
(12, 2, 39),
(12, 8, 0.045),
(13, 2, 0.91),
(13, 3, 3.84),
(13, 5, 0.1),
(13, 8, 0.06),
(13, 9, 2),
(14, 2, 12),
(14, 4, 1),
(14, 5, 9),
(14, 6, 0.5),
(14, 7, 0.005),
(14, 8, 0.13),
(15, 1, 2),
(15, 2, 23.85),
(15, 4, 5.26),
(15, 5, 7.92),
(15, 6, 2.8),
(15, 7, 0.03),
(15, 8, 0.15),
(16, 1, 3.2),
(16, 2, 11.05),
(16, 4, 1),
(16, 5, 9),
(16, 6, 0.5),
(16, 7, 0.005),
(16, 8, 0.13),
(17, 2, 1.83),
(17, 3, 0.14),
(17, 4, 4.417),
(17, 5, 5.37),
(17, 6, 2.425),
(17, 7, 0.023),
(17, 8, 0.368),
(18, 2, 4),
(18, 3, 4),
(18, 4, 1),
(18, 5, 1),
(18, 6, 2),
(18, 8, 0.036),
(19, 1, 1),
(19, 2, 19),
(19, 3, 14),
(19, 4, 3),
(19, 5, 3),
(19, 6, 9),
(19, 7, 0.034),
(19, 8, 0.204),
(20, 1, 1),
(20, 2, 19),
(20, 3, 14),
(20, 4, 3),
(20, 5, 3),
(20, 6, 9),
(20, 7, 0.034),
(20, 8, 0.204),
(21, 1, 1),
(21, 2, 14),
(21, 3, 6),
(21, 4, 3),
(21, 6, 4),
(21, 8, 0.055),
(22, 1, 2),
(22, 3, 4),
(22, 4, 1),
(22, 5, 2),
(22, 6, 1),
(22, 8, 0.106),
(23, 1, 2),
(23, 3, 2),
(23, 4, 1),
(23, 5, 2),
(23, 6, 4),
(23, 8, 0.027),
(24, 1, 2),
(24, 2, 4),
(24, 3, 22),
(24, 4, 1),
(24, 5, 3),
(24, 6, 1),
(24, 8, 0.096),
(25, 1, 1),
(25, 3, 12),
(25, 4, 2),
(25, 5, 13),
(25, 6, 3),
(25, 7, 0.092),
(25, 8, 0.241),
(26, 1, 3),
(26, 2, 11),
(26, 3, 13),
(26, 4, 1),
(26, 5, 6),
(26, 6, 4),
(26, 7, 0.001),
(26, 8, 0.075),
(27, 1, 78),
(27, 3, 35),
(27, 4, 2),
(27, 5, 42),
(27, 6, 7),
(27, 7, 0.084),
(27, 8, 0.166),
(28, 3, 4),
(28, 4, 3),
(28, 5, 44),
(28, 6, 8),
(28, 7, 0.127),
(28, 8, 0.108),
(29, 1, 1),
(29, 2, 3),
(29, 3, 22),
(29, 4, 3.5),
(29, 5, 6),
(29, 6, 6.5),
(29, 7, 0.05),
(29, 8, 0.9),
(30, 1, 3),
(30, 2, 5),
(30, 3, 11),
(30, 4, 2),
(30, 5, 11),
(30, 6, 9),
(30, 7, 0.06),
(30, 8, 0.78),
(31, 1, 5),
(31, 3, 28),
(31, 4, 4),
(31, 5, 15),
(31, 6, 7),
(31, 7, 0.029),
(31, 8, 0.094),
(32, 1, 2),
(32, 3, 38),
(32, 4, 8),
(32, 5, 35),
(32, 6, 12),
(32, 7, 0.1),
(32, 8, 0.69),
(33, 4, 2),
(33, 5, 28),
(33, 6, 12),
(33, 7, 0.078),
(33, 8, 0.062),
(34, 1, 6),
(34, 3, 16),
(34, 4, 1.5),
(34, 5, 6),
(34, 6, 1.5),
(34, 7, 0.01),
(34, 8, 0.2),
(35, 1, 5),
(35, 3, 48),
(35, 4, 2),
(35, 5, 22),
(35, 6, 5),
(35, 7, 0.043),
(35, 8, 0.1),
(36, 1, 7),
(36, 3, 55),
(36, 4, 3),
(36, 5, 17),
(36, 6, 4),
(36, 7, 0.012),
(36, 8, 0.224),
(37, 1, 8),
(37, 3, 43),
(37, 4, 0.5),
(37, 5, 9),
(37, 6, 2.5),
(37, 8, 0.054),
(38, 1, 5),
(38, 3, 25),
(38, 4, 2),
(38, 5, 9),
(38, 6, 4),
(38, 7, 0.006),
(38, 8, 0.25),
(39, 1, 7),
(39, 3, 62),
(39, 4, 1),
(39, 5, 11),
(39, 6, 6),
(39, 7, 0.001),
(39, 8, 0.341),
(40, 1, 5),
(40, 3, 36),
(40, 4, 1),
(40, 5, 7),
(40, 6, 6),
(40, 8, 0.122),
(41, 1, 6),
(41, 3, 17),
(41, 4, 2),
(41, 5, 24),
(41, 6, 12),
(41, 8, 0.391),
(42, 3, 37),
(42, 4, 2),
(42, 5, 27),
(42, 6, 8),
(42, 7, 0.049),
(42, 8, 0.2),
(43, 1, 5),
(43, 3, 22),
(43, 4, 4),
(43, 5, 24),
(43, 6, 9),
(43, 7, 0.032),
(43, 8, 0.458),
(44, 1, 2),
(44, 3, 16),
(44, 4, 2),
(44, 5, 12),
(44, 6, 4),
(44, 7, 0.163),
(44, 8, 0.611),
(45, 1, 6),
(45, 3, 33),
(45, 5, 31),
(45, 6, 3),
(45, 7, 0.051),
(45, 8, 0.554),
(46, 2, 0.5),
(46, 3, 0.09),
(46, 4, 0.809),
(46, 5, 0.09),
(46, 6, 0.426),
(46, 7, 0.005),
(46, 8, 0.002),
(47, 4, 0.054),
(47, 5, 0.07),
(47, 6, 0.054),
(47, 8, 0.008),
(48, 2, 20),
(48, 3, 2),
(48, 4, 10),
(48, 5, 3),
(48, 6, 4),
(48, 7, 0.04),
(48, 8, 0.035),
(50, 2, 12),
(50, 3, 1),
(50, 8, 0.005),
(51, 1, 4),
(51, 2, 2),
(51, 3, 34),
(51, 4, 3),
(51, 5, 13),
(51, 6, 3),
(51, 7, 0.018),
(51, 8, 0.65),
(52, 3, 4),
(52, 4, 3),
(52, 5, 44),
(52, 6, 8),
(52, 7, 0.127),
(52, 8, 0.108),
(53, 1, 1),
(53, 2, 15),
(53, 3, 9),
(53, 4, 3),
(53, 5, 23),
(53, 6, 10),
(53, 7, 0.067),
(53, 8, 0.174),
(54, 1, 1),
(54, 2, 1),
(54, 3, 5),
(54, 4, 5),
(54, 5, 28),
(54, 6, 5),
(54, 7, 0.091),
(54, 8, 0.209),
(55, 1, 2),
(55, 3, 9),
(55, 4, 1),
(55, 5, 23),
(55, 6, 7),
(55, 7, 0.065),
(55, 8, 0.697),
(56, 1, 1),
(56, 3, 3),
(56, 4, 2),
(56, 5, 35),
(56, 6, 8),
(56, 7, 0.08),
(56, 8, 0.367),
(57, 1, 2),
(57, 2, 1),
(57, 3, 7),
(57, 4, 4),
(57, 5, 15),
(57, 6, 5),
(57, 7, 0.021),
(57, 8, 0.266),
(58, 1, 4),
(58, 2, 2),
(58, 3, 11),
(58, 4, 2),
(58, 5, 25),
(58, 6, 3),
(58, 7, 0.057),
(58, 8, 0.565),
(59, 1, 4),
(59, 2, 1),
(59, 3, 28),
(59, 4, 2),
(59, 5, 17),
(59, 6, 6),
(59, 7, 0.059),
(59, 8, 0.34),
(60, 1, 0.5),
(60, 3, 6),
(60, 4, 1),
(60, 5, 28),
(60, 6, 8),
(60, 7, 0.066),
(60, 8, 0.098);

-- --------------------------------------------------------

--
-- Table structure for table `dishPreparationMode`
--

CREATE TABLE IF NOT EXISTS `dishPreparationMode` (
  `dishId` int(11) NOT NULL,
  `preparationModeId` int(11) NOT NULL,
  PRIMARY KEY (`dishId`,`preparationModeId`)
) ENGINE=InnoDB DEFAULT CHARSET=utf8;

--
-- Dumping data for table `dishPreparationMode`
--

INSERT INTO `dishPreparationMode` (`dishId`, `preparationModeId`) VALUES
(1, 5),
(2, 5),
(3, 5),
(4, 5),
(5, 3),
(6, 5),
(7, 5),
(8, 5),
(9, 5),
(10, 5),
(11, 5),
(12, 5),
(13, 5),
(14, 5),
(15, 5),
(16, 5),
(17, 5),
(18, 1),
(19, 2),
(20, 1),
(21, 1),
(22, 5),
(23, 5),
(24, 5),
(25, 1),
(26, 1),
(27, 1),
(28, 1),
(29, 3),
(30, 1),
(31, 1),
(32, 1),
(33, 1),
(34, 1),
(35, 2),
(36, 3),
(37, 3),
(38, 3),
(39, 3),
(40, 4),
(41, 2),
(42, 2),
(43, 1),
(44, 2),
(45, 4),
(46, 3),
(47, 3),
(48, 5),
(49, 3),
(50, 3),
(51, 1),
(52, 1),
(53, 1),
(54, 1),
(55, 1),
(56, 6),
(57, 1),
(58, 5),
(58, 6),
(59, 6),
(60, 7),
(60, 8);

-- --------------------------------------------------------

--
-- Table structure for table `dishType`
--

CREATE TABLE IF NOT EXISTS `dishType` (
  `id` int(11) NOT NULL AUTO_INCREMENT,
  `name` varchar(50) NOT NULL,
  PRIMARY KEY (`id`)
) ENGINE=InnoDB  DEFAULT CHARSET=latin1 AUTO_INCREMENT=4 ;

--
-- Dumping data for table `dishType`
--

INSERT INTO `dishType` (`id`, `name`) VALUES
(1, 'main'),
(2, 'snack'),
(3, 'drink');

-- --------------------------------------------------------

--
-- Table structure for table `gender`
--

CREATE TABLE IF NOT EXISTS `gender` (
  `id` int(11) NOT NULL AUTO_INCREMENT,
  `name` varchar(10) NOT NULL,
  PRIMARY KEY (`id`)
) ENGINE=InnoDB  DEFAULT CHARSET=utf8 AUTO_INCREMENT=3 ;

--
-- Dumping data for table `gender`
--

INSERT INTO `gender` (`id`, `name`) VALUES
(1, 'male'),
(2, 'female');

-- --------------------------------------------------------

--
-- Table structure for table `lifestyle`
--

CREATE TABLE IF NOT EXISTS `lifestyle` (
  `id` int(11) NOT NULL AUTO_INCREMENT,
  `name` varchar(50) NOT NULL,
  PRIMARY KEY (`id`)
) ENGINE=InnoDB  DEFAULT CHARSET=utf8 AUTO_INCREMENT=3 ;

--
-- Dumping data for table `lifestyle`
--

INSERT INTO `lifestyle` (`id`, `name`) VALUES
(1, 'sedentary'),
(2, 'active');

-- --------------------------------------------------------

--
-- Table structure for table `nutrient`
--

CREATE TABLE IF NOT EXISTS `nutrient` (
  `id` int(11) NOT NULL AUTO_INCREMENT,
  `name` varchar(100) NOT NULL,
  `unit` int(11) NOT NULL,
  `isImportant` tinyint(4) NOT NULL DEFAULT '0',
  PRIMARY KEY (`id`),
  KEY `unit` (`unit`)
) ENGINE=InnoDB  DEFAULT CHARSET=utf8 AUTO_INCREMENT=10 ;

--
-- Dumping data for table `nutrient`
--

INSERT INTO `nutrient` (`id`, `name`, `unit`, `isImportant`) VALUES
(1, 'fibres', 1, 1),
(2, 'simple carbohidrates', 1, 1),
(3, 'complex carbohidrates', 1, 1),
(4, 'saturated fats', 1, 1),
(5, 'protein', 1, 1),
(6, 'unsaturated fat', 1, 1),
(7, 'cholesterol', 1, 1),
(8, 'salt', 1, 1),
(9, 'alcohol', 2, 1);

-- --------------------------------------------------------

--
-- Table structure for table `patient`
--

CREATE TABLE IF NOT EXISTS `patient` (
  `id` int(11) NOT NULL AUTO_INCREMENT,
  `name` varchar(100) NOT NULL,
  `age` int(2) NOT NULL,
  `gender` int(11) NOT NULL,
  `height` int(3) NOT NULL,
  `weight` int(3) NOT NULL,
  `lifestyle` int(11) NOT NULL,
  `diabetesType` int(11) NOT NULL,
  PRIMARY KEY (`id`)
) ENGINE=InnoDB  DEFAULT CHARSET=utf8 AUTO_INCREMENT=4 ;

--
-- Dumping data for table `patient`
--

INSERT INTO `patient` (`id`, `name`, `age`, `gender`, `height`, `weight`, `lifestyle`, `diabetesType`) VALUES
(1, 'Gica', 23, 1, 180, 90, 1, 1),
(3, 'mircea29', 66, 1, 199, 99, 1, 1);

-- --------------------------------------------------------

--
-- Table structure for table `planningRuleOutput`
--

CREATE TABLE IF NOT EXISTS `planningRuleOutput` (
  `nutrientId` int(11) NOT NULL,
  `ruleId` int(11) NOT NULL,
  `minQuantity` int(11) NOT NULL,
  `maxQuantity` int(11) NOT NULL,
  PRIMARY KEY (`nutrientId`,`ruleId`)
) ENGINE=InnoDB DEFAULT CHARSET=latin1;

--
-- Dumping data for table `planningRuleOutput`
--

INSERT INTO `planningRuleOutput` (`nutrientId`, `ruleId`, `minQuantity`, `maxQuantity`) VALUES
(1, 1, 25, 45),
(1, 3, 25, 45),
(1, 5, 25, 45),
(1, 6, 25, 45),
(1, 7, 25, 45),
(1, 8, 25, 45),
(1, 9, 25, 45),
(1, 10, 25, 45),
(1, 11, 25, 45),
(1, 12, 25, 45),
(1, 13, 25, 45),
(1, 14, 25, 45),
(1, 15, 25, 45),
(1, 16, 25, 45),
(1, 17, 25, 45),
(1, 19, 25, 45),
(1, 20, 25, 45),
(1, 21, 25, 45),
(1, 22, 25, 45),
(1, 23, 25, 45),
(1, 24, 25, 45),
(1, 25, 25, 45),
(1, 26, 25, 45),
(1, 27, 25, 45),
(1, 28, 25, 45),
(1, 29, 25, 45),
(1, 30, 25, 45),
(1, 32, 25, 45),
(1, 33, 25, 45),
(1, 34, 25, 45),
(1, 35, 25, 45),
(1, 36, 25, 45),
(1, 37, 25, 45),
(1, 38, 25, 45),
(1, 39, 25, 45),
(1, 40, 25, 45),
(1, 41, 25, 45),
(1, 42, 25, 45),
(1, 43, 25, 45),
(1, 44, 25, 45),
(1, 45, 25, 45),
(1, 46, 25, 45),
(1, 47, 25, 45),
(1, 48, 25, 45),
(1, 49, 25, 45),
(1, 50, 25, 45),
(1, 51, 25, 45),
(1, 52, 25, 45),
(1, 53, 25, 45),
(1, 54, 25, 45),
(1, 55, 25, 45),
(1, 56, 25, 45),
(1, 57, 25, 45),
(1, 58, 25, 45),
(1, 59, 25, 45),
(1, 60, 25, 45),
(1, 61, 25, 45),
(1, 62, 25, 45),
(1, 64, 25, 45),
(1, 65, 25, 45),
(1, 67, 25, 45),
(1, 69, 25, 45),
(1, 70, 25, 45),
(1, 71, 25, 45),
(1, 72, 25, 45),
(1, 73, 25, 45),
(1, 74, 25, 45),
(1, 75, 25, 45),
(1, 76, 25, 45),
(1, 77, 25, 45),
(1, 78, 25, 45),
(1, 79, 25, 45),
(1, 80, 25, 45),
(1, 81, 25, 45),
(1, 82, 25, 45),
(1, 83, 25, 45),
(1, 84, 25, 45),
(1, 85, 25, 45),
(1, 86, 25, 45),
(1, 87, 25, 45),
(1, 88, 25, 45),
(1, 89, 25, 45),
(1, 90, 25, 45),
(1, 91, 25, 45),
(1, 92, 25, 45),
(1, 93, 25, 45),
(1, 94, 25, 45),
(1, 95, 25, 45),
(1, 96, 25, 45),
(1, 97, 25, 45),
(1, 99, 25, 45),
(1, 101, 25, 45),
(1, 102, 25, 45),
(1, 103, 25, 45),
(1, 104, 25, 45),
(1, 105, 25, 45),
(1, 106, 25, 45),
(1, 107, 25, 45),
(1, 108, 25, 45),
(1, 109, 25, 45),
(1, 110, 25, 45),
(1, 111, 25, 45),
(1, 112, 25, 45),
(1, 113, 25, 45),
(1, 114, 25, 45),
(1, 115, 25, 45),
(1, 116, 25, 45),
(1, 117, 25, 45),
(1, 118, 25, 45),
(1, 119, 25, 45),
(1, 120, 25, 45),
(1, 121, 25, 45),
(1, 122, 25, 45),
(1, 123, 25, 45),
(1, 124, 25, 45),
(1, 125, 25, 45),
(1, 126, 25, 45),
(1, 127, 25, 45),
(1, 128, 25, 45),
(2, 1, 86, 96),
(2, 3, 86, 96),
(2, 5, 86, 96),
(2, 6, 85, 95),
(2, 7, 86, 96),
(2, 8, 85, 95),
(2, 9, 86, 96),
(2, 10, 85, 95),
(2, 11, 86, 96),
(2, 12, 85, 95),
(2, 13, 86, 96),
(2, 14, 85, 95),
(2, 15, 86, 96),
(2, 16, 85, 95),
(2, 17, 86, 96),
(2, 19, 86, 96),
(2, 20, 85, 95),
(2, 21, 86, 96),
(2, 22, 73, 83),
(2, 23, 86, 96),
(2, 24, 73, 83),
(2, 25, 72, 82),
(2, 26, 73, 83),
(2, 27, 72, 82),
(2, 28, 73, 83),
(2, 29, 72, 82),
(2, 30, 73, 83),
(2, 32, 73, 83),
(2, 33, 94, 104),
(2, 34, 78, 88),
(2, 35, 94, 104),
(2, 36, 78, 88),
(2, 37, 94, 104),
(2, 38, 69, 79),
(2, 39, 86, 96),
(2, 40, 69, 79),
(2, 41, 86, 96),
(2, 42, 61, 71),
(2, 43, 94, 104),
(2, 44, 69, 79),
(2, 45, 86, 96),
(2, 46, 69, 79),
(2, 47, 86, 96),
(2, 48, 61, 71),
(2, 49, 86, 96),
(2, 50, 69, 79),
(2, 51, 86, 96),
(2, 52, 69, 79),
(2, 53, 86, 96),
(2, 54, 61, 71),
(2, 55, 86, 96),
(2, 56, 61, 71),
(2, 57, 86, 96),
(2, 58, 55, 65),
(2, 59, 76, 86),
(2, 60, 69, 79),
(2, 61, 76, 86),
(2, 62, 55, 65),
(2, 64, 55, 65),
(2, 65, 94, 104),
(2, 67, 94, 104),
(2, 69, 86, 96),
(2, 70, 69, 79),
(2, 71, 86, 96),
(2, 72, 69, 79),
(2, 73, 86, 96),
(2, 74, 61, 71),
(2, 75, 86, 96),
(2, 76, 61, 71),
(2, 77, 86, 96),
(2, 78, 61, 71),
(2, 79, 72, 82),
(2, 80, 55, 65),
(2, 81, 86, 96),
(2, 82, 61, 71),
(2, 83, 86, 96),
(2, 84, 69, 79),
(2, 85, 86, 96),
(2, 86, 61, 71),
(2, 87, 86, 96),
(2, 88, 61, 71),
(2, 89, 76, 86),
(2, 90, 55, 65),
(2, 91, 76, 86),
(2, 92, 55, 65),
(2, 93, 76, 86),
(2, 94, 55, 65),
(2, 95, 76, 86),
(2, 96, 55, 65),
(2, 97, 72, 82),
(2, 99, 72, 82),
(2, 101, 62, 72),
(2, 102, 47, 57),
(2, 103, 62, 72),
(2, 104, 55, 65),
(2, 105, 62, 72),
(2, 106, 55, 65),
(2, 107, 72, 82),
(2, 108, 47, 57),
(2, 109, 53, 63),
(2, 110, 47, 57),
(2, 111, 53, 63),
(2, 112, 55, 65),
(2, 113, 72, 82),
(2, 114, 55, 65),
(2, 115, 72, 82),
(2, 116, 55, 65),
(2, 117, 62, 72),
(2, 118, 47, 57),
(2, 119, 72, 82),
(2, 120, 47, 57),
(2, 121, 53, 63),
(2, 122, 39, 49),
(2, 123, 62, 72),
(2, 124, 39, 49),
(2, 125, 53, 63),
(2, 126, 39, 49),
(2, 127, 53, 63),
(2, 128, 39, 49),
(3, 1, 141, 151),
(3, 3, 141, 151),
(3, 5, 141, 151),
(3, 6, 153, 171),
(3, 7, 141, 151),
(3, 8, 153, 171),
(3, 9, 141, 151),
(3, 10, 153, 171),
(3, 11, 141, 151),
(3, 12, 153, 171),
(3, 13, 141, 151),
(3, 14, 153, 171),
(3, 15, 141, 151),
(3, 16, 153, 171),
(3, 17, 141, 151),
(3, 19, 141, 151),
(3, 20, 153, 171),
(3, 21, 141, 151),
(3, 22, 132, 142),
(3, 23, 141, 151),
(3, 24, 132, 142),
(3, 25, 122, 132),
(3, 26, 132, 142),
(3, 27, 122, 132),
(3, 28, 132, 142),
(3, 29, 122, 132),
(3, 30, 132, 142),
(3, 32, 132, 142),
(3, 33, 147, 157),
(3, 34, 181, 191),
(3, 35, 147, 157),
(3, 36, 181, 191),
(3, 37, 147, 157),
(3, 38, 161, 171),
(3, 39, 141, 151),
(3, 40, 161, 171),
(3, 41, 141, 151),
(3, 42, 144, 154),
(3, 43, 147, 157),
(3, 44, 161, 171),
(3, 45, 141, 151),
(3, 46, 161, 171),
(3, 47, 141, 151),
(3, 48, 144, 154),
(3, 49, 141, 151),
(3, 50, 161, 171),
(3, 51, 141, 151),
(3, 52, 161, 171),
(3, 53, 141, 151),
(3, 54, 144, 154),
(3, 55, 141, 151),
(3, 56, 144, 154),
(3, 57, 141, 151),
(3, 58, 131, 141),
(3, 59, 126, 136),
(3, 60, 161, 171),
(3, 61, 126, 136),
(3, 62, 131, 141),
(3, 64, 131, 141),
(3, 65, 147, 157),
(3, 67, 147, 157),
(3, 69, 141, 151),
(3, 70, 161, 171),
(3, 71, 141, 151),
(3, 72, 161, 171),
(3, 73, 141, 151),
(3, 74, 144, 154),
(3, 75, 141, 151),
(3, 76, 144, 154),
(3, 77, 141, 151),
(3, 78, 144, 154),
(3, 79, 119, 129),
(3, 80, 131, 141),
(3, 81, 141, 151),
(3, 82, 144, 154),
(3, 83, 141, 151),
(3, 84, 161, 171),
(3, 85, 141, 151),
(3, 86, 144, 154),
(3, 87, 141, 151),
(3, 88, 144, 154),
(3, 89, 126, 136),
(3, 90, 131, 141),
(3, 91, 126, 136),
(3, 92, 131, 141),
(3, 93, 126, 136),
(3, 94, 131, 141),
(3, 95, 126, 136),
(3, 96, 131, 141),
(3, 97, 119, 129),
(3, 99, 119, 129),
(3, 101, 104, 114),
(3, 102, 114, 124),
(3, 103, 104, 114),
(3, 104, 131, 141),
(3, 105, 104, 114),
(3, 106, 131, 141),
(3, 107, 119, 129),
(3, 108, 114, 124),
(3, 109, 89, 99),
(3, 110, 114, 124),
(3, 111, 89, 99),
(3, 112, 131, 141),
(3, 113, 119, 129),
(3, 114, 131, 141),
(3, 115, 119, 129),
(3, 116, 131, 141),
(3, 117, 104, 114),
(3, 118, 114, 124),
(3, 119, 119, 129),
(3, 120, 114, 124),
(3, 121, 89, 99),
(3, 122, 96, 106),
(3, 123, 104, 114),
(3, 124, 96, 106),
(3, 125, 89, 99),
(3, 126, 96, 106),
(3, 127, 89, 99),
(3, 128, 96, 106),
(4, 1, 4, 14),
(4, 3, 4, 14),
(4, 5, 4, 14),
(4, 6, 4, 14),
(4, 7, 4, 14),
(4, 8, 4, 14),
(4, 9, 4, 14),
(4, 10, 4, 14),
(4, 11, 4, 14),
(4, 12, 4, 14),
(4, 13, 4, 14),
(4, 14, 4, 14),
(4, 15, 4, 14),
(4, 16, 4, 14),
(4, 17, 4, 14),
(4, 19, 4, 14),
(4, 20, 4, 14),
(4, 21, 4, 14),
(4, 22, 4, 12),
(4, 23, 4, 14),
(4, 24, 4, 12),
(4, 25, 4, 12),
(4, 26, 4, 12),
(4, 27, 4, 12),
(4, 28, 4, 12),
(4, 29, 4, 12),
(4, 30, 4, 12),
(4, 32, 4, 12),
(4, 33, 4, 15),
(4, 34, 5, 17),
(4, 35, 4, 15),
(4, 36, 5, 17),
(4, 37, 4, 15),
(4, 38, 5, 16),
(4, 39, 4, 14),
(4, 40, 5, 16),
(4, 41, 4, 14),
(4, 42, 4, 14),
(4, 43, 4, 15),
(4, 44, 5, 16),
(4, 45, 4, 14),
(4, 46, 5, 16),
(4, 47, 4, 14),
(4, 48, 4, 14),
(4, 49, 4, 14),
(4, 50, 5, 16),
(4, 51, 4, 14),
(4, 52, 5, 16),
(4, 53, 4, 14),
(4, 54, 4, 14),
(4, 55, 4, 14),
(4, 56, 4, 14),
(4, 57, 4, 14),
(4, 58, 4, 13),
(4, 59, 4, 14),
(4, 60, 5, 16),
(4, 61, 4, 14),
(4, 62, 4, 13),
(4, 64, 4, 13),
(4, 65, 4, 15),
(4, 67, 4, 15),
(4, 69, 4, 14),
(4, 70, 5, 16),
(4, 71, 4, 14),
(4, 72, 5, 16),
(4, 73, 4, 14),
(4, 74, 4, 14),
(4, 75, 4, 14),
(4, 76, 4, 14),
(4, 77, 4, 14),
(4, 78, 4, 14),
(4, 79, 3, 12),
(4, 80, 4, 13),
(4, 81, 4, 14),
(4, 82, 4, 14),
(4, 83, 4, 14),
(4, 84, 5, 16),
(4, 85, 4, 14),
(4, 86, 4, 14),
(4, 87, 4, 14),
(4, 88, 4, 14),
(4, 89, 4, 14),
(4, 90, 4, 13),
(4, 91, 4, 14),
(4, 92, 4, 13),
(4, 93, 4, 14),
(4, 94, 4, 13),
(4, 95, 4, 14),
(4, 96, 4, 13),
(4, 97, 3, 12),
(4, 99, 3, 12),
(4, 101, 3, 10),
(4, 102, 3, 11),
(4, 103, 3, 10),
(4, 104, 4, 13),
(4, 105, 3, 10),
(4, 106, 4, 13),
(4, 107, 3, 12),
(4, 108, 3, 11),
(4, 109, 2, 9),
(4, 110, 3, 11),
(4, 111, 2, 9),
(4, 112, 4, 13),
(4, 113, 3, 12),
(4, 114, 4, 13),
(4, 115, 3, 12),
(4, 116, 4, 13),
(4, 117, 3, 10),
(4, 118, 3, 11),
(4, 119, 3, 12),
(4, 120, 3, 11),
(4, 121, 2, 9),
(4, 122, 2, 9),
(4, 123, 3, 10),
(4, 124, 2, 9),
(4, 125, 2, 9),
(4, 126, 2, 9),
(4, 127, 2, 9),
(4, 128, 2, 9),
(5, 1, 67, 77),
(5, 3, 67, 77),
(5, 5, 67, 77),
(5, 6, 94, 114),
(5, 7, 67, 77),
(5, 8, 94, 114),
(5, 9, 67, 77),
(5, 10, 94, 114),
(5, 11, 67, 77),
(5, 12, 94, 114),
(5, 13, 67, 77),
(5, 14, 94, 114),
(5, 15, 67, 77),
(5, 16, 94, 114),
(5, 17, 67, 77),
(5, 19, 67, 77),
(5, 20, 94, 114),
(5, 21, 67, 77),
(5, 22, 81, 91),
(5, 23, 67, 77),
(5, 24, 81, 91),
(5, 25, 57, 67),
(5, 26, 81, 91),
(5, 27, 57, 67),
(5, 28, 81, 91),
(5, 29, 57, 67),
(5, 30, 81, 91),
(5, 32, 81, 91),
(5, 33, 73, 83),
(5, 34, 104, 114),
(5, 35, 73, 83),
(5, 36, 104, 114),
(5, 37, 73, 83),
(5, 38, 104, 103),
(5, 39, 67, 77),
(5, 40, 104, 103),
(5, 41, 67, 77),
(5, 42, 82, 92),
(5, 43, 73, 83),
(5, 44, 104, 103),
(5, 45, 67, 77),
(5, 46, 104, 103),
(5, 47, 67, 77),
(5, 48, 82, 92),
(5, 49, 67, 77),
(5, 50, 104, 103),
(5, 51, 67, 77),
(5, 52, 104, 103),
(5, 53, 67, 77),
(5, 54, 82, 92),
(5, 55, 67, 77),
(5, 56, 82, 92),
(5, 57, 67, 77),
(5, 58, 75, 85),
(5, 59, 59, 69),
(5, 60, 104, 103),
(5, 61, 59, 69),
(5, 62, 75, 85),
(5, 64, 75, 85),
(5, 65, 73, 83),
(5, 67, 73, 83),
(5, 69, 67, 77),
(5, 70, 104, 103),
(5, 71, 67, 77),
(5, 72, 104, 103),
(5, 73, 67, 77),
(5, 74, 82, 92),
(5, 75, 67, 77),
(5, 76, 82, 92),
(5, 77, 67, 77),
(5, 78, 82, 92),
(5, 79, 55, 65),
(5, 80, 75, 85),
(5, 81, 67, 77),
(5, 82, 82, 92),
(5, 83, 67, 77),
(5, 84, 104, 103),
(5, 85, 67, 77),
(5, 86, 82, 92),
(5, 87, 67, 77),
(5, 88, 82, 92),
(5, 89, 59, 69),
(5, 90, 75, 85),
(5, 91, 59, 69),
(5, 92, 75, 85),
(5, 93, 59, 69),
(5, 94, 75, 85),
(5, 95, 59, 69),
(5, 96, 75, 85),
(5, 97, 55, 65),
(5, 99, 55, 65),
(5, 101, 47, 57),
(5, 102, 65, 75),
(5, 103, 47, 57),
(5, 104, 75, 85),
(5, 105, 47, 57),
(5, 106, 75, 85),
(5, 107, 55, 65),
(5, 108, 65, 75),
(5, 109, 40, 50),
(5, 110, 65, 75),
(5, 111, 40, 50),
(5, 112, 75, 85),
(5, 113, 55, 65),
(5, 114, 75, 85),
(5, 115, 55, 65),
(5, 116, 75, 85),
(5, 117, 47, 57),
(5, 118, 65, 75),
(5, 119, 55, 65),
(5, 120, 65, 75),
(5, 121, 40, 50),
(5, 122, 54, 64),
(5, 123, 47, 57),
(5, 124, 54, 64),
(5, 125, 40, 50),
(5, 126, 54, 64),
(5, 127, 40, 50),
(5, 128, 54, 64),
(6, 1, 45, 55),
(6, 3, 45, 55),
(6, 5, 45, 55),
(6, 6, 44, 54),
(6, 7, 45, 55),
(6, 8, 44, 54),
(6, 9, 45, 55),
(6, 10, 44, 54),
(6, 11, 45, 55),
(6, 12, 44, 54),
(6, 13, 45, 55),
(6, 14, 44, 54),
(6, 15, 45, 55),
(6, 16, 44, 54),
(6, 17, 45, 55),
(6, 19, 45, 55),
(6, 20, 44, 54),
(6, 21, 45, 55),
(6, 22, 45, 55),
(6, 23, 45, 55),
(6, 24, 45, 55),
(6, 25, 38, 48),
(6, 26, 45, 55),
(6, 27, 38, 48),
(6, 28, 45, 55),
(6, 29, 38, 48),
(6, 30, 45, 55),
(6, 32, 45, 55),
(6, 33, 47, 4),
(6, 34, 62, 72),
(6, 35, 47, 4),
(6, 36, 62, 72),
(6, 37, 47, 4),
(6, 38, 55, 65),
(6, 39, 45, 55),
(6, 40, 55, 65),
(6, 41, 45, 55),
(6, 42, 48, 58),
(6, 43, 47, 4),
(6, 44, 55, 65),
(6, 45, 45, 55),
(6, 46, 55, 65),
(6, 47, 45, 55),
(6, 48, 48, 58),
(6, 49, 45, 55),
(6, 50, 55, 65),
(6, 51, 45, 55),
(6, 52, 55, 65),
(6, 53, 45, 55),
(6, 54, 48, 58),
(6, 55, 45, 55),
(6, 56, 48, 58),
(6, 57, 45, 55),
(6, 58, 44, 54),
(6, 59, 48, 58),
(6, 60, 55, 65),
(6, 61, 48, 58),
(6, 62, 44, 54),
(6, 64, 44, 54),
(6, 65, 47, 57),
(6, 67, 47, 57),
(6, 69, 45, 55),
(6, 70, 55, 65),
(6, 71, 45, 55),
(6, 72, 55, 65),
(6, 73, 45, 55),
(6, 74, 48, 58),
(6, 75, 45, 55),
(6, 76, 48, 58),
(6, 77, 45, 55),
(6, 78, 48, 58),
(6, 79, 39, 47),
(6, 80, 44, 54),
(6, 81, 45, 55),
(6, 82, 48, 58),
(6, 83, 45, 55),
(6, 84, 55, 65),
(6, 85, 45, 55),
(6, 86, 48, 58),
(6, 87, 45, 55),
(6, 88, 48, 58),
(6, 89, 48, 58),
(6, 90, 44, 54),
(6, 91, 48, 58),
(6, 92, 44, 54),
(6, 93, 48, 58),
(6, 94, 44, 54),
(6, 95, 48, 58),
(6, 96, 44, 54),
(6, 97, 39, 47),
(6, 99, 39, 47),
(6, 101, 31, 41),
(6, 102, 37, 47),
(6, 103, 31, 41),
(6, 104, 44, 54),
(6, 105, 31, 41),
(6, 106, 44, 54),
(6, 107, 39, 47),
(6, 108, 37, 47),
(6, 109, 26, 36),
(6, 110, 37, 47),
(6, 111, 26, 36),
(6, 112, 44, 54),
(6, 113, 39, 47),
(6, 114, 44, 54),
(6, 115, 39, 47),
(6, 116, 44, 54),
(6, 117, 31, 41),
(6, 118, 37, 47),
(6, 119, 39, 47),
(6, 120, 37, 47),
(6, 121, 26, 36),
(6, 122, 30, 40),
(6, 123, 31, 41),
(6, 124, 30, 40),
(6, 125, 26, 36),
(6, 126, 30, 40),
(6, 127, 26, 36),
(6, 128, 30, 40),
(7, 1, 190, 210),
(7, 3, 190, 210),
(7, 5, 190, 210),
(7, 6, 190, 210),
(7, 7, 190, 210),
(7, 8, 190, 210),
(7, 9, 190, 210),
(7, 10, 190, 210),
(7, 11, 190, 210),
(7, 12, 190, 210),
(7, 13, 190, 210),
(7, 14, 190, 210),
(7, 15, 190, 210),
(7, 16, 190, 210),
(7, 17, 190, 210),
(7, 19, 190, 210),
(7, 20, 190, 210),
(7, 21, 190, 210),
(7, 22, 190, 210),
(7, 23, 190, 210),
(7, 24, 190, 210),
(7, 25, 190, 210),
(7, 26, 190, 210),
(7, 27, 190, 210),
(7, 28, 190, 210),
(7, 29, 190, 210),
(7, 30, 190, 210),
(7, 32, 190, 210),
(7, 33, 190, 210),
(7, 34, 190, 210),
(7, 35, 190, 210),
(7, 36, 190, 210),
(7, 37, 190, 210),
(7, 38, 190, 210),
(7, 39, 190, 210),
(7, 40, 190, 210),
(7, 41, 190, 210),
(7, 42, 190, 210),
(7, 43, 190, 210),
(7, 44, 190, 210),
(7, 45, 190, 210),
(7, 46, 190, 210),
(7, 47, 190, 210),
(7, 48, 190, 210),
(7, 49, 190, 210),
(7, 50, 190, 210),
(7, 51, 190, 210),
(7, 52, 190, 210),
(7, 53, 190, 210),
(7, 54, 190, 210),
(7, 55, 190, 210),
(7, 56, 190, 210),
(7, 57, 190, 210),
(7, 58, 190, 210),
(7, 59, 190, 210),
(7, 60, 190, 210),
(7, 61, 190, 210),
(7, 62, 190, 210),
(7, 64, 190, 210),
(7, 65, 190, 210),
(7, 67, 190, 210),
(7, 69, 190, 210),
(7, 70, 190, 210),
(7, 71, 190, 210),
(7, 72, 190, 210),
(7, 73, 190, 210),
(7, 74, 190, 210),
(7, 75, 190, 210),
(7, 76, 190, 210),
(7, 77, 190, 210),
(7, 78, 190, 210),
(7, 79, 190, 210),
(7, 80, 190, 210),
(7, 81, 190, 210),
(7, 82, 190, 210),
(7, 83, 190, 210),
(7, 84, 190, 210),
(7, 85, 190, 210),
(7, 86, 190, 210),
(7, 87, 190, 210),
(7, 88, 190, 210),
(7, 89, 190, 210),
(7, 90, 190, 210),
(7, 91, 190, 210),
(7, 92, 190, 210),
(7, 93, 190, 210),
(7, 94, 190, 210),
(7, 95, 190, 210),
(7, 96, 190, 210),
(7, 97, 190, 210),
(7, 99, 190, 210),
(7, 101, 190, 210),
(7, 102, 190, 210),
(7, 103, 190, 210),
(7, 104, 190, 210),
(7, 105, 190, 210),
(7, 106, 190, 210),
(7, 107, 190, 210),
(7, 108, 190, 210),
(7, 109, 190, 210),
(7, 110, 190, 210),
(7, 111, 190, 210),
(7, 112, 190, 210),
(7, 113, 190, 210),
(7, 114, 190, 210),
(7, 115, 190, 210),
(7, 116, 190, 210),
(7, 117, 190, 210),
(7, 118, 190, 210),
(7, 119, 190, 210),
(7, 120, 190, 210),
(7, 121, 190, 210),
(7, 122, 190, 210),
(7, 123, 190, 210),
(7, 124, 190, 210),
(7, 125, 190, 210),
(7, 126, 190, 210),
(7, 127, 190, 210),
(7, 128, 190, 210),
(8, 1, 0, 4),
(8, 3, 0, 4),
(8, 5, 0, 4),
(8, 6, 0, 4),
(8, 7, 0, 4),
(8, 8, 0, 4),
(8, 9, 0, 4),
(8, 10, 0, 4),
(8, 11, 0, 4),
(8, 12, 0, 4),
(8, 13, 0, 4),
(8, 14, 0, 4),
(8, 15, 0, 4),
(8, 16, 0, 4),
(8, 17, 0, 4),
(8, 19, 0, 4),
(8, 20, 0, 4),
(8, 21, 0, 4),
(8, 22, 0, 4),
(8, 23, 0, 4),
(8, 24, 0, 4),
(8, 25, 0, 4),
(8, 26, 0, 4),
(8, 27, 0, 4),
(8, 28, 0, 4),
(8, 29, 0, 4),
(8, 30, 0, 4),
(8, 32, 0, 4),
(8, 33, 0, 4),
(8, 34, 0, 4),
(8, 35, 0, 4),
(8, 36, 0, 4),
(8, 37, 0, 4),
(8, 38, 0, 4),
(8, 39, 0, 4),
(8, 40, 0, 4),
(8, 41, 0, 4),
(8, 42, 0, 4),
(8, 43, 0, 4),
(8, 44, 0, 4),
(8, 45, 0, 4),
(8, 46, 0, 4),
(8, 47, 0, 4),
(8, 48, 0, 4),
(8, 49, 0, 4),
(8, 50, 0, 4),
(8, 51, 0, 4),
(8, 52, 0, 4),
(8, 53, 0, 4),
(8, 54, 0, 4),
(8, 55, 0, 4),
(8, 56, 0, 4),
(8, 57, 0, 4),
(8, 58, 0, 4),
(8, 59, 0, 4),
(8, 60, 0, 4),
(8, 61, 0, 4),
(8, 62, 0, 4),
(8, 64, 0, 4),
(8, 65, 0, 4),
(8, 67, 0, 4),
(8, 69, 0, 4),
(8, 70, 0, 4),
(8, 71, 0, 4),
(8, 72, 0, 4),
(8, 73, 0, 4),
(8, 74, 0, 4),
(8, 75, 0, 4),
(8, 76, 0, 4),
(8, 77, 0, 4),
(8, 78, 0, 4),
(8, 79, 0, 4),
(8, 80, 0, 4),
(8, 81, 0, 4),
(8, 82, 0, 4),
(8, 83, 0, 4),
(8, 84, 0, 4),
(8, 85, 0, 4),
(8, 86, 0, 4),
(8, 87, 0, 4),
(8, 88, 0, 4),
(8, 89, 0, 4),
(8, 90, 0, 4),
(8, 91, 0, 4),
(8, 92, 0, 4),
(8, 93, 0, 4),
(8, 94, 0, 4),
(8, 95, 0, 4),
(8, 96, 0, 4),
(8, 97, 0, 4),
(8, 99, 0, 4),
(8, 101, 0, 4),
(8, 102, 0, 4),
(8, 103, 0, 4),
(8, 104, 0, 4),
(8, 105, 0, 4),
(8, 106, 0, 4),
(8, 107, 0, 4),
(8, 108, 0, 4),
(8, 109, 0, 4),
(8, 110, 0, 4),
(8, 111, 0, 4),
(8, 112, 0, 4),
(8, 113, 0, 4),
(8, 114, 0, 4),
(8, 115, 0, 4),
(8, 116, 0, 4),
(8, 117, 0, 4),
(8, 118, 0, 4),
(8, 119, 0, 4),
(8, 120, 0, 4),
(8, 121, 0, 4),
(8, 122, 0, 4),
(8, 123, 0, 4),
(8, 124, 0, 4),
(8, 125, 0, 4),
(8, 126, 0, 4),
(8, 127, 0, 4),
(8, 128, 0, 4);

-- --------------------------------------------------------

--
-- Table structure for table `planningRules`
--

CREATE TABLE IF NOT EXISTS `planningRules` (
  `id` int(11) NOT NULL AUTO_INCREMENT,
  `minAge` int(11) NOT NULL,
  `maxAge` int(11) NOT NULL,
  `genderId` int(11) NOT NULL,
  `minBMI` int(11) NOT NULL,
  `maxBMI` int(11) NOT NULL,
  `lifestyleId` int(11) NOT NULL,
  `diabetesTypeId` int(11) NOT NULL,
  `KCal` int(11) NOT NULL,
  `provideDiet` tinyint(1) NOT NULL DEFAULT '1',
  `hint` varchar(500) NOT NULL,
  PRIMARY KEY (`id`)
) ENGINE=InnoDB  DEFAULT CHARSET=latin1 AUTO_INCREMENT=129 ;

--
-- Dumping data for table `planningRules`
--

INSERT INTO `planningRules` (`id`, `minAge`, `maxAge`, `genderId`, `minBMI`, `maxBMI`, `lifestyleId`, `diabetesTypeId`, `KCal`, `provideDiet`, `hint`) VALUES
(1, 10, 17, 1, 16, 20, 1, 1, 2040, 1, ''),
(2, 10, 17, 1, 16, 20, 1, 2, 0, 0, 'Not possible - Very rare - Seek medical advice'),
(3, 10, 17, 1, 16, 20, 2, 1, 2200, 1, ''),
(4, 10, 17, 1, 16, 20, 2, 2, 0, 0, 'Not possible - Very rare - Seek medical advice'),
(5, 10, 17, 1, 20, 25, 1, 1, 2040, 1, ''),
(6, 10, 17, 1, 20, 25, 1, 2, 2000, 1, ''),
(7, 10, 17, 1, 20, 25, 2, 1, 2200, 1, ''),
(8, 10, 17, 1, 20, 25, 2, 2, 2150, 1, ''),
(9, 10, 17, 1, 26, 30, 1, 1, 1960, 1, ''),
(10, 10, 17, 1, 26, 30, 1, 2, 1900, 1, ''),
(11, 10, 17, 1, 26, 30, 2, 1, 2000, 1, ''),
(12, 10, 17, 1, 26, 30, 2, 2, 2000, 1, ''),
(13, 10, 17, 1, 31, 100, 1, 1, 2000, 1, 'Rare - Seek medical advice'),
(14, 10, 17, 1, 31, 100, 1, 2, 1900, 1, 'Improve Lifestyle'),
(15, 10, 17, 1, 31, 100, 2, 1, 2100, 1, ''),
(16, 10, 17, 1, 31, 100, 2, 2, 1900, 1, 'Improve Lifestyle'),
(17, 10, 17, 1, 16, 20, 1, 1, 1960, 1, ''),
(18, 10, 17, 1, 16, 20, 1, 2, 0, 0, 'Not possible - Very rare - Seek medical advice'),
(19, 10, 17, 1, 16, 20, 2, 1, 2100, 1, ''),
(20, 10, 17, 1, 16, 20, 2, 2, 2000, 1, ''),
(21, 10, 17, 1, 20, 25, 1, 1, 1930, 1, ''),
(22, 10, 17, 1, 20, 25, 1, 2, 1800, 1, ''),
(23, 10, 17, 1, 20, 25, 2, 1, 1900, 1, ''),
(24, 10, 17, 1, 20, 25, 2, 2, 1800, 1, ''),
(25, 10, 17, 1, 26, 30, 1, 1, 1870, 1, ''),
(26, 10, 17, 1, 26, 30, 1, 2, 1700, 1, ''),
(27, 10, 17, 1, 26, 30, 2, 1, 1800, 1, ''),
(28, 10, 17, 1, 26, 30, 2, 2, 1800, 1, ''),
(29, 10, 17, 1, 31, 100, 1, 1, 1870, 1, ''),
(30, 10, 17, 1, 31, 100, 1, 2, 1700, 1, 'Improve Lifestyle'),
(31, 10, 17, 1, 31, 100, 2, 1, 0, 0, 'Not possible - Very rare - Seek medical advice'),
(32, 10, 17, 1, 31, 100, 2, 2, 1700, 1, 'Improve Lifestyle'),
(33, 10, 17, 1, 16, 20, 1, 1, 2270, 1, ''),
(34, 10, 17, 1, 16, 20, 1, 2, 2300, 1, 'Rare - Seek medical advice'),
(35, 10, 17, 1, 16, 20, 2, 1, 2300, 1, ''),
(36, 10, 17, 1, 16, 20, 2, 2, 2300, 1, ''),
(37, 10, 17, 1, 20, 25, 1, 1, 2280, 1, ''),
(38, 10, 17, 1, 20, 25, 1, 2, 2000, 1, ''),
(39, 10, 17, 1, 20, 25, 2, 1, 2100, 1, ''),
(40, 10, 17, 1, 20, 25, 2, 2, 2000, 1, ''),
(41, 10, 17, 1, 26, 30, 1, 1, 2200, 1, ''),
(42, 10, 17, 1, 26, 30, 1, 2, 1800, 1, ''),
(43, 10, 17, 1, 26, 30, 2, 1, 2300, 1, ''),
(44, 10, 17, 1, 26, 30, 2, 2, 1900, 1, ''),
(45, 10, 17, 1, 31, 100, 1, 1, 2200, 1, ''),
(46, 10, 17, 1, 31, 100, 1, 2, 1900, 1, 'Improve Lifestyle'),
(47, 10, 17, 1, 31, 100, 2, 1, 1960, 1, 'Rare - Seek medical advice'),
(48, 10, 17, 1, 31, 100, 2, 2, 1800, 1, 'Improve Lifestyle'),
(49, 10, 17, 1, 16, 20, 1, 1, 2070, 1, ''),
(50, 10, 17, 1, 16, 20, 1, 2, 2060, 1, 'Rare - Seek medical advice'),
(51, 10, 17, 1, 16, 20, 2, 1, 2100, 1, ''),
(52, 10, 17, 1, 16, 20, 2, 2, 2000, 1, ''),
(53, 10, 17, 1, 20, 25, 1, 1, 2000, 1, ''),
(54, 10, 17, 1, 20, 25, 1, 2, 1800, 1, ''),
(55, 10, 17, 1, 20, 25, 2, 1, 1900, 1, ''),
(56, 10, 17, 1, 20, 25, 2, 2, 1800, 1, ''),
(57, 10, 17, 1, 26, 30, 1, 1, 1900, 1, ''),
(58, 10, 17, 1, 26, 30, 1, 2, 1700, 1, ''),
(59, 10, 17, 1, 26, 30, 2, 1, 1800, 1, ''),
(60, 10, 17, 1, 26, 30, 2, 2, 1900, 1, ''),
(61, 10, 17, 1, 31, 100, 1, 1, 1800, 1, ''),
(62, 10, 17, 1, 31, 100, 1, 2, 1700, 1, 'Improve Lifestyle'),
(63, 10, 17, 1, 31, 100, 2, 1, 0, 0, 'Not Possible - Very Rare - Seek medical advice'),
(64, 10, 17, 1, 31, 100, 2, 2, 1600, 1, 'Improve Lifestyle'),
(65, 10, 17, 1, 16, 20, 1, 1, 2250, 1, ''),
(66, 10, 17, 1, 16, 20, 1, 2, 0, 0, 'Not Possible - Very Rare - Seek medical advice'),
(67, 10, 17, 1, 16, 20, 2, 1, 2300, 1, ''),
(68, 10, 17, 1, 16, 20, 2, 2, 0, 0, 'Not Possible - Very Rare - Seek medical advice'),
(69, 10, 17, 1, 20, 25, 1, 1, 2200, 1, ''),
(70, 10, 17, 1, 20, 25, 1, 2, 2000, 1, ''),
(71, 10, 17, 1, 20, 25, 2, 1, 2200, 1, ''),
(72, 10, 17, 1, 20, 25, 2, 2, 2200, 1, ''),
(73, 10, 17, 1, 26, 30, 1, 1, 2000, 1, ''),
(74, 10, 17, 1, 26, 30, 1, 2, 1800, 1, 'Improve Lifestyle'),
(75, 10, 17, 1, 26, 30, 2, 1, 1900, 1, ''),
(76, 10, 17, 1, 26, 30, 2, 2, 1800, 1, 'Improve Lifestyle'),
(77, 10, 17, 1, 31, 100, 1, 1, 1980, 1, ''),
(78, 10, 17, 1, 31, 100, 1, 2, 1800, 1, 'Two days without food - Improve Lifestyle'),
(79, 10, 17, 1, 31, 100, 2, 1, 1700, 1, 'Rare - Seek medical advice'),
(80, 10, 17, 1, 31, 100, 2, 2, 1700, 1, 'Surgery advised - Two days without food - Improve Lifestyle'),
(81, 10, 17, 1, 16, 20, 1, 1, 2050, 1, ''),
(82, 10, 17, 1, 16, 20, 1, 2, 1800, 1, 'Rare -seek medical advice'),
(83, 10, 17, 1, 16, 20, 2, 1, 2200, 1, ''),
(84, 10, 17, 1, 16, 20, 2, 2, 2000, 1, ''),
(85, 10, 17, 1, 20, 25, 1, 1, 1900, 1, ''),
(86, 10, 17, 1, 20, 25, 1, 2, 1800, 1, ''),
(87, 10, 17, 1, 20, 25, 2, 1, 1900, 1, ''),
(88, 10, 17, 1, 20, 25, 2, 2, 1800, 1, ''),
(89, 10, 17, 1, 26, 30, 1, 1, 1800, 1, ''),
(90, 10, 17, 1, 26, 30, 1, 2, 1700, 1, ''),
(91, 10, 17, 1, 26, 30, 2, 1, 1800, 1, ''),
(92, 10, 17, 1, 26, 30, 2, 2, 1700, 1, ''),
(93, 10, 17, 1, 31, 100, 1, 1, 1750, 1, ''),
(94, 10, 17, 1, 31, 100, 1, 2, 1600, 1, 'Two days without food - Improve Lifestyle'),
(95, 10, 17, 1, 31, 100, 2, 1, 1800, 1, 'Rare - Seek medical advice'),
(96, 10, 17, 1, 31, 100, 2, 2, 1700, 1, 'Surgery advised - Two days without food - Improve Lifestyle'),
(97, 10, 17, 1, 16, 20, 1, 1, 1700, 1, ''),
(98, 10, 17, 1, 16, 20, 1, 2, 0, 0, 'Not Possible - Very Rare - Seek medical advice'),
(99, 10, 17, 1, 16, 20, 2, 1, 1600, 1, ''),
(100, 10, 17, 1, 16, 20, 2, 2, 0, 0, 'Not Possible - Very Rare - Seek medical advice'),
(101, 10, 17, 1, 20, 25, 1, 1, 1500, 1, ''),
(102, 10, 17, 1, 20, 25, 1, 2, 1400, 1, ''),
(103, 10, 17, 1, 20, 25, 2, 1, 1500, 1, ''),
(104, 10, 17, 1, 20, 25, 2, 2, 1600, 1, ''),
(105, 10, 17, 1, 26, 30, 1, 1, 1400, 1, ''),
(106, 10, 17, 1, 26, 30, 1, 2, 1700, 1, ''),
(107, 10, 17, 1, 26, 30, 2, 1, 1600, 1, ''),
(108, 10, 17, 1, 26, 30, 2, 2, 1500, 1, ''),
(109, 10, 17, 1, 31, 100, 1, 1, 1350, 1, ''),
(110, 10, 17, 1, 31, 100, 1, 2, 1400, 1, ''),
(111, 10, 17, 1, 31, 100, 2, 1, 1300, 1, 'Very rare - Seek medical advice'),
(112, 10, 17, 1, 31, 100, 2, 2, 1600, 1, ''),
(113, 10, 17, 1, 16, 20, 1, 1, 1700, 1, ''),
(114, 10, 17, 1, 16, 20, 1, 2, 1600, 1, ''),
(115, 10, 17, 1, 16, 20, 2, 1, 1700, 1, ''),
(116, 10, 17, 1, 16, 20, 2, 2, 1750, 1, ''),
(117, 10, 17, 1, 20, 25, 1, 1, 1500, 1, ''),
(118, 10, 17, 1, 20, 25, 1, 2, 1400, 1, ''),
(119, 10, 17, 1, 20, 25, 2, 1, 1600, 1, ''),
(120, 10, 17, 1, 20, 25, 2, 2, 1500, 1, ''),
(121, 10, 17, 1, 26, 30, 1, 1, 1300, 1, ''),
(122, 10, 17, 1, 26, 30, 1, 2, 1200, 1, ''),
(123, 10, 17, 1, 26, 30, 2, 1, 1400, 1, ''),
(124, 10, 17, 1, 26, 30, 2, 2, 1300, 1, ''),
(125, 10, 17, 1, 31, 100, 1, 1, 1250, 1, ''),
(126, 10, 17, 1, 31, 100, 1, 2, 1200, 1, ''),
(127, 10, 17, 1, 31, 100, 2, 1, 1300, 1, 'Very rare - Seek medical advice'),
(128, 10, 17, 1, 31, 100, 2, 2, 1200, 1, '');

-- --------------------------------------------------------

--
-- Table structure for table `preparationMode`
--

CREATE TABLE IF NOT EXISTS `preparationMode` (
  `id` int(11) NOT NULL AUTO_INCREMENT,
  `name` varchar(100) NOT NULL,
  PRIMARY KEY (`id`)
) ENGINE=InnoDB  DEFAULT CHARSET=utf8 AUTO_INCREMENT=9 ;

--
-- Dumping data for table `preparationMode`
--

INSERT INTO `preparationMode` (`id`, `name`) VALUES
(1, 'baked'),
(2, 'fried'),
(3, 'boiled'),
(4, 'steaming'),
(5, 'fresh'),
(6, 'grilled'),
(7, 'saute'),
(8, 'in pan');

-- --------------------------------------------------------

--
-- Table structure for table `unit`
--

CREATE TABLE IF NOT EXISTS `unit` (
  `id` int(11) NOT NULL AUTO_INCREMENT,
  `name` varchar(50) NOT NULL,
  `shortName` varchar(10) NOT NULL,
  PRIMARY KEY (`id`)
) ENGINE=InnoDB  DEFAULT CHARSET=utf8 AUTO_INCREMENT=3 ;

--
-- Dumping data for table `unit`
--

INSERT INTO `unit` (`id`, `name`, `shortName`) VALUES
(1, 'grams', 'gm'),
(2, 'milliliters', 'ml');

--
-- Constraints for dumped tables
--

--
-- Constraints for table `nutrient`
--
ALTER TABLE `nutrient`
  ADD CONSTRAINT `nutrient_ibfk_1` FOREIGN KEY (`unit`) REFERENCES `unit` (`id`);

/*!40101 SET CHARACTER_SET_CLIENT=@OLD_CHARACTER_SET_CLIENT */;
/*!40101 SET CHARACTER_SET_RESULTS=@OLD_CHARACTER_SET_RESULTS */;
/*!40101 SET COLLATION_CONNECTION=@OLD_COLLATION_CONNECTION */;
